date,open,high,low,close,volume
2022-09-24 23:00:00,0.4869,0.4909,0.4864,0.4894,4089069.0
2022-09-24 22:00:00,0.4945,0.4946,0.4824,0.487,29456214.0
2022-09-24 21:00:00,0.5036,0.5085,0.4817,0.4946,45911444.0
2022-09-24 20:00:00,0.4979,0.5062,0.4959,0.5036,22271544.0
2022-09-24 19:00:00,0.5022,0.5029,0.4933,0.498,26514808.0
2022-09-24 18:00:00,0.4947,0.5066,0.4883,0.5023,40132177.0
2022-09-24 17:00:00,0.4839,0.4973,0.4837,0.4947,28317458.0
2022-09-24 16:00:00,0.4785,0.4888,0.4763,0.4839,30622229.0
2022-09-24 15:00:00,0.4745,0.4799,0.4734,0.4785,19888787.0
2022-09-24 14:00:00,0.4918,0.4925,0.4717,0.4745,50100683.0
2022-09-24 13:00:00,0.4963,0.4999,0.4888,0.4918,20934602.0
2022-09-24 12:00:00,0.4941,0.4977,0.49,0.4962,17984877.0
2022-09-24 11:00:00,0.4933,0.4986,0.4898,0.4942,21394055.0
2022-09-24 10:00:00,0.4944,0.4958,0.488,0.4933,15402709.0
2022-09-24 09:00:00,0.4956,0.496,0.4911,0.4944,11332823.0
2022-09-24 08:00:00,0.4921,0.4984,0.4844,0.4956,27278696.0
2022-09-24 07:00:00,0.5034,0.5038,0.4881,0.4922,50339941.0
2022-09-24 06:00:00,0.5085,0.5195,0.5013,0.5034,45748581.0
2022-09-24 05:00:00,0.502,0.5109,0.4996,0.5085,20862879.0
2022-09-24 04:00:00,0.5017,0.5113,0.4998,0.502,25135268.0
2022-09-24 03:00:00,0.4991,0.5042,0.4967,0.5016,16777712.0
2022-09-24 02:00:00,0.502,0.5082,0.4969,0.4991,29591671.0
2022-09-24 01:00:00,0.5078,0.5137,0.4986,0.5019,34695788.0
2022-09-24 00:00:00,0.5069,0.5144,0.4961,0.5078,62625613.0
2022-09-23 23:00:00,0.5274,0.5276,0.5012,0.5069,61452440.0
2022-09-23 22:00:00,0.5157,0.5288,0.5056,0.5272,94496423.0
2022-09-23 21:00:00,0.4935,0.516,0.4867,0.5157,64529281.0
2022-09-23 20:00:00,0.4716,0.4965,0.4696,0.4935,84438331.0
2022-09-23 19:00:00,0.4582,0.4729,0.4574,0.4716,34881301.0
2022-09-23 18:00:00,0.4717,0.4748,0.4564,0.4583,63024373.0
2022-09-23 17:00:00,0.4727,0.4768,0.466,0.4718,34571350.0
2022-09-23 16:00:00,0.4892,0.4926,0.463,0.4728,90155219.0
2022-09-23 15:00:00,0.479,0.4951,0.4749,0.4893,60175058.0
2022-09-23 14:00:00,0.4779,0.485,0.4738,0.479,61506545.0
2022-09-23 13:00:00,0.4886,0.4993,0.473,0.478,77974600.0
2022-09-23 12:00:00,0.488,0.4981,0.4849,0.4886,66187012.0
2022-09-23 11:00:00,0.4905,0.493,0.4787,0.488,84464322.0
2022-09-23 10:00:00,0.5058,0.5098,0.4873,0.4906,63139618.0
2022-09-23 09:00:00,0.5056,0.507,0.4919,0.5058,77914234.0
2022-09-23 08:00:00,0.5175,0.5214,0.4947,0.5055,142030588.0
2022-09-23 07:00:00,0.5393,0.5436,0.5159,0.5176,109923353.0
2022-09-23 06:00:00,0.5374,0.5427,0.5314,0.5393,61116816.0
2022-09-23 05:00:00,0.5358,0.559,0.5354,0.5374,117053119.0
2022-09-23 04:00:00,0.5387,0.5429,0.5287,0.5358,80039533.0
2022-09-23 03:00:00,0.4981,0.5477,0.498,0.5386,172582045.0
2022-09-23 02:00:00,0.4886,0.5008,0.4826,0.498,53885059.0
2022-09-23 01:00:00,0.4794,0.4901,0.4769,0.4885,28081628.0
2022-09-23 00:00:00,0.4861,0.492,0.479,0.4794,37003497.0
2022-09-22 23:00:00,0.4917,0.4946,0.4757,0.4862,59258886.0
2022-09-22 22:00:00,0.4825,0.493,0.4819,0.4918,38440146.0
2022-09-22 21:00:00,0.4802,0.4903,0.4788,0.4826,48434601.0
2022-09-22 20:00:00,0.4835,0.4935,0.4768,0.4803,95369614.0
2022-09-22 19:00:00,0.462,0.5,0.4577,0.4836,140056476.0
2022-09-22 18:00:00,0.4497,0.4668,0.4458,0.462,118508051.0
2022-09-22 17:00:00,0.436,0.4505,0.4338,0.4497,54804653.0
2022-09-22 16:00:00,0.4339,0.4378,0.429,0.436,33737753.0
2022-09-22 15:00:00,0.438,0.4402,0.4287,0.4339,61997666.0
2022-09-22 14:00:00,0.4378,0.4493,0.4366,0.438,66283671.0
2022-09-22 13:00:00,0.4446,0.4504,0.436,0.4378,77368319.0
2022-09-22 12:00:00,0.4325,0.4482,0.4312,0.4446,73845662.0
2022-09-22 11:00:00,0.4262,0.4365,0.4242,0.4325,56591955.0
2022-09-22 10:00:00,0.4246,0.4279,0.4224,0.4263,28373869.0
2022-09-22 09:00:00,0.4248,0.4308,0.422,0.4245,33959045.0
2022-09-22 08:00:00,0.4234,0.4285,0.4217,0.4249,40478650.0
2022-09-22 07:00:00,0.421,0.4246,0.419,0.4234,26994356.0
2022-09-22 06:00:00,0.4203,0.4229,0.4157,0.4211,35848942.0
2022-09-22 05:00:00,0.4135,0.4263,0.4116,0.4202,79443228.0
2022-09-22 04:00:00,0.4024,0.4148,0.4022,0.4135,43067801.0
2022-09-22 03:00:00,0.4015,0.404,0.4005,0.4023,16941639.0
2022-09-22 02:00:00,0.4038,0.4038,0.399,0.4015,20672731.0
2022-09-22 01:00:00,0.3977,0.405,0.3975,0.4039,27294771.0
2022-09-22 00:00:00,0.3936,0.4039,0.3933,0.3977,45062443.0
2022-09-21 23:00:00,0.3919,0.3972,0.3904,0.3936,24395071.0
2022-09-21 22:00:00,0.3905,0.3934,0.3847,0.3919,46175470.0
2022-09-21 21:00:00,0.4072,0.4078,0.3871,0.3904,53509528.0
2022-09-21 20:00:00,0.4073,0.4121,0.4018,0.4073,34861388.0
2022-09-21 19:00:00,0.4227,0.4257,0.4061,0.4073,61482650.0
2022-09-21 18:00:00,0.3993,0.434,0.38,0.4226,158987781.0
2022-09-21 17:00:00,0.394,0.3993,0.3884,0.3993,43845370.0
2022-09-21 16:00:00,0.3941,0.399,0.3935,0.3939,18131813.0
2022-09-21 15:00:00,0.4021,0.4029,0.3913,0.3941,50114426.0
2022-09-21 14:00:00,0.4024,0.4075,0.4005,0.4021,22576457.0
2022-09-21 13:00:00,0.4034,0.4057,0.3993,0.4025,18541933.0
2022-09-21 12:00:00,0.4056,0.4059,0.4006,0.4033,21484574.0
2022-09-21 11:00:00,0.4028,0.4082,0.3987,0.4055,26909976.0
2022-09-21 10:00:00,0.4032,0.4055,0.4005,0.4027,20605779.0
2022-09-21 09:00:00,0.4006,0.4075,0.399,0.4032,33418305.0
2022-09-21 08:00:00,0.4025,0.4029,0.3955,0.4006,26881142.0
2022-09-21 07:00:00,0.3942,0.4028,0.39,0.4024,30026986.0
2022-09-21 06:00:00,0.4055,0.4074,0.3901,0.3941,70696130.0
2022-09-21 05:00:00,0.4114,0.4128,0.4044,0.4055,28839478.0
2022-09-21 04:00:00,0.4046,0.4132,0.403,0.4114,23665857.0
2022-09-21 03:00:00,0.4064,0.4088,0.4034,0.4046,19493510.0
2022-09-21 02:00:00,0.4067,0.4114,0.4054,0.4065,20142018.0
2022-09-21 01:00:00,0.4136,0.4144,0.4044,0.4067,21570634.0
2022-09-21 00:00:00,0.4139,0.4154,0.4053,0.4136,49379541.0
2022-09-20 23:00:00,0.4164,0.4164,0.4107,0.414,38782236.0
2022-09-20 22:00:00,0.4085,0.4205,0.4076,0.4164,45158193.0
2022-09-20 21:00:00,0.4047,0.419,0.4046,0.4086,40715956.0
2022-09-20 20:00:00,0.4103,0.4126,0.4043,0.4046,26910922.0
2022-09-20 19:00:00,0.4065,0.4159,0.4047,0.4102,60710782.0
2022-09-20 18:00:00,0.4034,0.4073,0.4015,0.4065,32737383.0
2022-09-20 17:00:00,0.4103,0.4118,0.402,0.4034,62993115.0
2022-09-20 16:00:00,0.42,0.4242,0.4103,0.4104,90621179.0
2022-09-20 15:00:00,0.3959,0.4223,0.3956,0.4201,174849970.0
2022-09-20 14:00:00,0.3808,0.3989,0.3789,0.3959,71050561.0
2022-09-20 13:00:00,0.3863,0.3892,0.3742,0.3808,68030058.0
2022-09-20 12:00:00,0.3817,0.3935,0.3813,0.3863,85454566.0
2022-09-20 11:00:00,0.3804,0.3828,0.3791,0.3816,17621545.0
2022-09-20 10:00:00,0.3773,0.3807,0.3751,0.3805,19787872.0
2022-09-20 09:00:00,0.3778,0.3833,0.3763,0.3773,25696679.0
2022-09-20 08:00:00,0.3778,0.3809,0.3765,0.3777,21096633.0
2022-09-20 07:00:00,0.3771,0.3822,0.3755,0.3778,28869275.0
2022-09-20 06:00:00,0.379,0.379,0.3738,0.377,23151388.0
2022-09-20 05:00:00,0.3793,0.3817,0.3766,0.379,25089626.0
2022-09-20 04:00:00,0.373,0.38,0.3727,0.3794,26820777.0
2022-09-20 03:00:00,0.3752,0.3777,0.3704,0.3729,27758080.0
2022-09-20 02:00:00,0.3783,0.379,0.3746,0.3751,21313672.0
2022-09-20 01:00:00,0.3792,0.3801,0.3735,0.3782,32723658.0
2022-09-20 00:00:00,0.3847,0.3904,0.3777,0.3793,45848303.0
2022-09-19 23:00:00,0.3854,0.389,0.3835,0.3848,17819182.0
2022-09-19 22:00:00,0.384,0.387,0.3799,0.3854,24438522.0
2022-09-19 21:00:00,0.3814,0.388,0.3813,0.384,22334877.0
2022-09-19 20:00:00,0.39,0.3932,0.3768,0.3814,46688528.0
2022-09-19 19:00:00,0.3812,0.3919,0.3812,0.39,41486016.0
2022-09-19 18:00:00,0.3745,0.3847,0.3693,0.3812,60160007.0
2022-09-19 17:00:00,0.3589,0.3747,0.3568,0.3745,45317264.0
2022-09-19 16:00:00,0.3552,0.3607,0.354,0.3589,14523650.0
2022-09-19 15:00:00,0.3584,0.36,0.3537,0.3552,14192937.0
2022-09-19 14:00:00,0.3558,0.3599,0.354,0.3583,22679049.0
2022-09-19 13:00:00,0.3536,0.3565,0.3504,0.3558,19293069.0
2022-09-19 12:00:00,0.3506,0.3552,0.3487,0.3536,14864582.0
2022-09-19 11:00:00,0.3538,0.3538,0.349,0.3506,15432281.0
2022-09-19 10:00:00,0.3463,0.3539,0.345,0.3538,28092451.0
2022-09-19 09:00:00,0.345,0.3472,0.3431,0.3463,19662921.0
2022-09-19 08:00:00,0.3499,0.35,0.345,0.3451,21445638.0
2022-09-19 07:00:00,0.3459,0.3517,0.3434,0.3498,35396538.0
2022-09-19 06:00:00,0.3537,0.3566,0.3437,0.3459,55021807.0
2022-09-19 05:00:00,0.347,0.3584,0.3466,0.3536,35123716.0
2022-09-19 04:00:00,0.3449,0.3475,0.3426,0.347,22992123.0
2022-09-19 03:00:00,0.3418,0.3461,0.3401,0.3449,34927300.0
2022-09-19 02:00:00,0.3596,0.3596,0.3405,0.3418,70757724.0
2022-09-19 01:00:00,0.3638,0.3641,0.3575,0.3595,18777851.0
2022-09-19 00:00:00,0.3578,0.3655,0.3551,0.3638,35744944.0
2022-09-18 23:00:00,0.3651,0.3681,0.3556,0.3576,39427978.0
2022-09-18 22:00:00,0.3772,0.3786,0.3595,0.3652,81565915.0
2022-09-18 21:00:00,0.3932,0.3944,0.3768,0.3773,52666976.0
2022-09-18 20:00:00,0.3966,0.3981,0.3916,0.3932,21707446.0
2022-09-18 19:00:00,0.395,0.3977,0.3904,0.3966,22650527.0
2022-09-18 18:00:00,0.3896,0.3968,0.387,0.395,35243810.0
2022-09-18 17:00:00,0.3876,0.3918,0.3832,0.3896,35720607.0
2022-09-18 16:00:00,0.3813,0.3881,0.3759,0.3876,34517993.0
2022-09-18 15:00:00,0.3784,0.3857,0.3775,0.3813,21413552.0
2022-09-18 14:00:00,0.3809,0.3833,0.3759,0.3785,18697391.0
2022-09-18 13:00:00,0.3796,0.3836,0.3786,0.381,14475021.0
2022-09-18 12:00:00,0.3778,0.3798,0.3744,0.3797,11458021.0
2022-09-18 11:00:00,0.3763,0.3795,0.3763,0.3779,17712170.0
2022-09-18 10:00:00,0.3802,0.3844,0.3756,0.3763,28914893.0
2022-09-18 09:00:00,0.3869,0.3945,0.3787,0.3802,45230700.0
2022-09-18 08:00:00,0.3869,0.3907,0.3834,0.3869,31524782.0
2022-09-18 07:00:00,0.3717,0.391,0.3716,0.387,81912299.0
2022-09-18 06:00:00,0.3699,0.3735,0.3692,0.3717,9285137.0
2022-09-18 05:00:00,0.368,0.3707,0.368,0.3699,6702095.0
2022-09-18 04:00:00,0.3683,0.3706,0.3665,0.3681,16072837.0
2022-09-18 03:00:00,0.3701,0.3701,0.3676,0.3684,7204175.0
2022-09-18 02:00:00,0.3669,0.3701,0.3668,0.3701,8521012.0
2022-09-18 01:00:00,0.3723,0.373,0.3649,0.3669,22810423.0
2022-09-18 00:00:00,0.3762,0.3767,0.3717,0.3723,15422658.0
2022-09-17 23:00:00,0.3754,0.3784,0.3737,0.3762,12662117.0
2022-09-17 22:00:00,0.3739,0.3771,0.3738,0.3753,9341224.0
2022-09-17 21:00:00,0.3726,0.3748,0.3717,0.3739,8091051.0
2022-09-17 20:00:00,0.3726,0.3732,0.3709,0.3725,9677362.0
2022-09-17 19:00:00,0.3788,0.3789,0.3711,0.3726,21426753.0
2022-09-17 18:00:00,0.3755,0.381,0.374,0.3788,24018594.0
2022-09-17 17:00:00,0.3735,0.3761,0.3711,0.3754,15573046.0
2022-09-17 16:00:00,0.3709,0.3765,0.3707,0.3734,24703375.0
2022-09-17 15:00:00,0.3727,0.3743,0.3701,0.3709,26253390.0
2022-09-17 14:00:00,0.3696,0.3794,0.3696,0.3727,72914776.0
2022-09-17 13:00:00,0.3544,0.3704,0.354,0.3696,84793778.0
2022-09-17 12:00:00,0.3528,0.3547,0.3513,0.3545,6110930.0
2022-09-17 11:00:00,0.3552,0.3565,0.3515,0.3528,12108526.0
2022-09-17 10:00:00,0.3496,0.3563,0.3495,0.3552,17886939.0
2022-09-17 09:00:00,0.3485,0.35,0.3474,0.3496,5108150.0
2022-09-17 08:00:00,0.3479,0.35,0.3477,0.3485,8141243.0
2022-09-17 07:00:00,0.3486,0.3493,0.3473,0.3478,5545315.0
2022-09-17 06:00:00,0.3496,0.35,0.3464,0.3487,6635136.0
2022-09-17 05:00:00,0.3505,0.3507,0.3484,0.3496,8651356.0
2022-09-17 04:00:00,0.3502,0.3514,0.3489,0.3504,6390077.0
2022-09-17 03:00:00,0.3496,0.351,0.3494,0.3502,5156067.0
2022-09-17 02:00:00,0.3502,0.3512,0.349,0.3496,7745370.0
2022-09-17 01:00:00,0.3514,0.3527,0.3501,0.3504,12563895.0
2022-09-17 00:00:00,0.3552,0.3553,0.3488,0.3514,31509410.0
2022-09-16 23:00:00,0.3546,0.3581,0.3523,0.3552,25724600.0
2022-09-16 22:00:00,0.3445,0.3571,0.3442,0.3547,41545938.0
2022-09-16 21:00:00,0.3453,0.3467,0.3438,0.3444,10511331.0
2022-09-16 20:00:00,0.3412,0.3491,0.3412,0.3454,26828276.0
2022-09-16 19:00:00,0.3388,0.3421,0.3384,0.3413,11001548.0
2022-09-16 18:00:00,0.3368,0.3399,0.3354,0.3388,16130404.0
2022-09-16 17:00:00,0.3391,0.3397,0.3339,0.3368,24734358.0
2022-09-16 16:00:00,0.3346,0.3395,0.3302,0.339,22271338.0
2022-09-16 15:00:00,0.3309,0.3348,0.3305,0.3347,11851380.0
2022-09-16 14:00:00,0.3276,0.3329,0.3272,0.331,19552064.0
2022-09-16 13:00:00,0.3293,0.3309,0.3271,0.3276,14253501.0
2022-09-16 12:00:00,0.3303,0.3305,0.3287,0.3292,8174311.0
2022-09-16 11:00:00,0.3284,0.3312,0.3282,0.3302,10946705.0
2022-09-16 10:00:00,0.3272,0.3294,0.3265,0.3284,11308186.0
2022-09-16 09:00:00,0.3234,0.3273,0.3233,0.3272,9303217.0
2022-09-16 08:00:00,0.3262,0.3263,0.3226,0.3234,11348940.0
2022-09-16 07:00:00,0.324,0.3264,0.3239,0.3263,7727885.0
2022-09-16 06:00:00,0.3248,0.3259,0.3238,0.324,11508519.0
2022-09-16 05:00:00,0.3284,0.3285,0.3248,0.3249,9929276.0
2022-09-16 04:00:00,0.327,0.3294,0.3269,0.3284,14006316.0
2022-09-16 03:00:00,0.3243,0.3272,0.324,0.3271,11179915.0
2022-09-16 02:00:00,0.3245,0.3253,0.3216,0.3243,13646849.0
2022-09-16 01:00:00,0.3279,0.328,0.3236,0.3245,11889403.0
2022-09-16 00:00:00,0.3261,0.328,0.3244,0.3279,14629480.0
2022-09-15 23:00:00,0.3264,0.327,0.3241,0.3261,15069385.0
2022-09-15 22:00:00,0.3279,0.328,0.325,0.3264,17576104.0
2022-09-15 21:00:00,0.3302,0.3302,0.3275,0.3279,9063848.0
2022-09-15 20:00:00,0.3297,0.3305,0.3286,0.3302,6676541.0
2022-09-15 19:00:00,0.3275,0.3301,0.3274,0.3297,7600094.0
2022-09-15 18:00:00,0.3281,0.3284,0.327,0.3275,6981609.0
2022-09-15 17:00:00,0.3258,0.3283,0.3257,0.3281,11170570.0
2022-09-15 16:00:00,0.3257,0.3273,0.3253,0.3258,16414545.0
2022-09-15 15:00:00,0.3263,0.3275,0.325,0.3257,34641688.0
2022-09-15 14:00:00,0.3328,0.3333,0.3255,0.3264,34989653.0
2022-09-15 13:00:00,0.3346,0.3351,0.3317,0.3329,15744041.0
2022-09-15 12:00:00,0.3353,0.336,0.3334,0.3345,15339152.0
2022-09-15 11:00:00,0.336,0.3372,0.3346,0.3352,10481816.0
2022-09-15 10:00:00,0.3372,0.3384,0.3355,0.3359,10427157.0
2022-09-15 09:00:00,0.3402,0.3403,0.337,0.3371,11618494.0
2022-09-15 08:00:00,0.3409,0.341,0.339,0.3402,12495522.0
2022-09-15 07:00:00,0.3393,0.3429,0.3384,0.3409,18509182.0
2022-09-15 06:00:00,0.3374,0.3409,0.3337,0.3393,34984967.0
2022-09-15 05:00:00,0.3379,0.3396,0.3353,0.3374,25685536.0
2022-09-15 04:00:00,0.3357,0.338,0.3347,0.3379,17693265.0
2022-09-15 03:00:00,0.3364,0.3365,0.3324,0.3357,22177669.0
2022-09-15 02:00:00,0.3389,0.3389,0.3343,0.3364,23469144.0
2022-09-15 01:00:00,0.3405,0.3409,0.3382,0.339,13386061.0
2022-09-15 00:00:00,0.3415,0.3424,0.3398,0.3405,14040082.0
2022-09-14 23:00:00,0.3421,0.3425,0.3411,0.3415,9215030.0
2022-09-14 22:00:00,0.3437,0.344,0.342,0.3422,8832601.0
2022-09-14 21:00:00,0.3426,0.3442,0.341,0.3436,11257290.0
2022-09-14 20:00:00,0.3405,0.3432,0.3393,0.3425,8506706.0
2022-09-14 19:00:00,0.3364,0.3426,0.3363,0.3405,16674850.0
2022-09-14 18:00:00,0.3365,0.3378,0.333,0.3364,18085198.0
2022-09-14 17:00:00,0.3358,0.3378,0.3356,0.3366,5781203.0
2022-09-14 16:00:00,0.3366,0.3368,0.3342,0.3359,16401847.0
2022-09-14 15:00:00,0.3379,0.338,0.3364,0.3366,9059881.0
2022-09-14 14:00:00,0.3377,0.3382,0.3362,0.3379,14865657.0
2022-09-14 13:00:00,0.337,0.3385,0.3362,0.3378,14910544.0
2022-09-14 12:00:00,0.3351,0.3383,0.3339,0.337,15926843.0
2022-09-14 11:00:00,0.3362,0.3367,0.3339,0.3352,13253468.0
2022-09-14 10:00:00,0.3372,0.3374,0.3352,0.3362,10898438.0
2022-09-14 09:00:00,0.3372,0.3383,0.3362,0.3371,11576257.0
2022-09-14 08:00:00,0.3359,0.338,0.3353,0.3372,13140566.0
2022-09-14 07:00:00,0.3357,0.3375,0.3336,0.3359,16391395.0
2022-09-14 06:00:00,0.3371,0.3381,0.3356,0.3357,11899086.0
2022-09-14 05:00:00,0.3369,0.3375,0.3362,0.3371,8893974.0
2022-09-14 04:00:00,0.3356,0.337,0.3351,0.3368,12858187.0
2022-09-14 03:00:00,0.335,0.3358,0.3342,0.3356,13782194.0
2022-09-14 02:00:00,0.3334,0.3352,0.3332,0.3351,15861153.0
2022-09-14 01:00:00,0.3343,0.3346,0.3325,0.3334,16004399.0
2022-09-14 00:00:00,0.3326,0.3345,0.3312,0.3342,14528194.0
2022-09-13 23:00:00,0.3328,0.3334,0.3308,0.3326,10162564.0
2022-09-13 22:00:00,0.335,0.3351,0.3312,0.3329,18964568.0
2022-09-13 21:00:00,0.3373,0.3375,0.3313,0.335,14570070.0
2022-09-13 20:00:00,0.3372,0.3394,0.3366,0.3374,8469600.0
2022-09-13 19:00:00,0.3348,0.3379,0.3337,0.3372,20679127.0
2022-09-13 18:00:00,0.3405,0.3411,0.3348,0.3348,13100538.0
2022-09-13 17:00:00,0.3396,0.3413,0.3391,0.3406,12953206.0
2022-09-13 16:00:00,0.3393,0.3397,0.3377,0.3396,18904640.0
2022-09-13 15:00:00,0.3395,0.3403,0.3386,0.3393,19492203.0
2022-09-13 14:00:00,0.3412,0.342,0.3382,0.3395,23644956.0
2022-09-13 13:00:00,0.3432,0.3441,0.3406,0.3412,24170061.0
2022-09-13 12:00:00,0.3569,0.3576,0.3404,0.3431,59798704.0
2022-09-13 11:00:00,0.3546,0.3573,0.3546,0.3568,9865867.0
2022-09-13 10:00:00,0.3537,0.3551,0.3533,0.3547,8294679.0
2022-09-13 09:00:00,0.354,0.3556,0.3533,0.3537,10716764.0
2022-09-13 08:00:00,0.357,0.3576,0.3539,0.3539,9261457.0
2022-09-13 07:00:00,0.3548,0.3575,0.3544,0.357,9508973.0
2022-09-13 06:00:00,0.3553,0.3576,0.3542,0.3548,11325997.0
2022-09-13 05:00:00,0.3548,0.3562,0.3543,0.3554,6802873.0
2022-09-13 04:00:00,0.3531,0.3553,0.3526,0.3549,7682160.0
2022-09-13 03:00:00,0.3545,0.3546,0.3511,0.3531,10623703.0
2022-09-13 02:00:00,0.3556,0.3557,0.3528,0.3544,10075103.0
2022-09-13 01:00:00,0.3557,0.3575,0.3535,0.3555,11489528.0
2022-09-13 00:00:00,0.3598,0.3603,0.3554,0.3557,13721037.0
2022-09-12 23:00:00,0.3567,0.3602,0.3564,0.3598,9455559.0
2022-09-12 22:00:00,0.3571,0.3591,0.3556,0.3566,8749590.0
2022-09-12 21:00:00,0.3578,0.3583,0.3562,0.357,7529008.0
2022-09-12 20:00:00,0.3568,0.3589,0.3561,0.3578,9462445.0
2022-09-12 19:00:00,0.3556,0.3573,0.3543,0.3567,9602494.0
2022-09-12 18:00:00,0.3544,0.3561,0.353,0.3556,7813505.0
2022-09-12 17:00:00,0.3519,0.3547,0.3508,0.3545,6628386.0
2022-09-12 16:00:00,0.3528,0.3531,0.3487,0.352,13314198.0
2022-09-12 15:00:00,0.3549,0.3552,0.3514,0.3528,10680936.0
2022-09-12 14:00:00,0.3558,0.356,0.3542,0.3549,6772250.0
2022-09-12 13:00:00,0.3557,0.3576,0.3551,0.3557,8541480.0
2022-09-12 12:00:00,0.3548,0.356,0.3535,0.3556,7992386.0
2022-09-12 11:00:00,0.3554,0.3563,0.3544,0.3547,8692727.0
2022-09-12 10:00:00,0.3552,0.3559,0.3527,0.3554,8787259.0
2022-09-12 09:00:00,0.3565,0.3573,0.3544,0.3551,12021668.0
2022-09-12 08:00:00,0.3529,0.3574,0.3523,0.3565,16113959.0
2022-09-12 07:00:00,0.3531,0.3534,0.3508,0.3529,12320079.0
2022-09-12 06:00:00,0.3529,0.3534,0.3513,0.3532,8549561.0
2022-09-12 05:00:00,0.3514,0.3531,0.3505,0.3529,6523265.0
2022-09-12 04:00:00,0.3497,0.3515,0.3496,0.3513,6155095.0
2022-09-12 03:00:00,0.3517,0.3534,0.3478,0.3497,21771729.0
2022-09-12 02:00:00,0.3562,0.3567,0.3506,0.3516,11646648.0
2022-09-12 01:00:00,0.3504,0.358,0.3501,0.3562,16367455.0
2022-09-12 00:00:00,0.3551,0.356,0.3504,0.3505,7652082.0
2022-09-11 23:00:00,0.3542,0.3554,0.3523,0.3552,4582804.0
2022-09-11 22:00:00,0.3515,0.3555,0.3513,0.3541,11191588.0
2022-09-11 21:00:00,0.3594,0.3604,0.3485,0.3515,25353116.0
2022-09-11 20:00:00,0.3552,0.3595,0.3543,0.3594,9735270.0
2022-09-11 19:00:00,0.3547,0.3553,0.3544,0.3553,2726680.0
2022-09-11 18:00:00,0.3558,0.3564,0.3546,0.3548,3234152.0
2022-09-11 17:00:00,0.356,0.3578,0.3556,0.3557,6599413.0
2022-09-11 16:00:00,0.3553,0.3565,0.3551,0.3559,4508596.0
2022-09-11 15:00:00,0.3557,0.3563,0.3551,0.3553,6023454.0
2022-09-11 14:00:00,0.3541,0.3556,0.354,0.3556,4792528.0
2022-09-11 13:00:00,0.3551,0.3555,0.3538,0.3542,4936264.0
2022-09-11 12:00:00,0.3549,0.3558,0.3539,0.3552,5863302.0
2022-09-11 11:00:00,0.3547,0.3563,0.3547,0.3548,5627723.0
2022-09-11 10:00:00,0.3547,0.3556,0.3542,0.3548,4918288.0
2022-09-11 09:00:00,0.3559,0.3561,0.3544,0.3546,4145299.0
2022-09-11 08:00:00,0.356,0.3563,0.3547,0.3559,4667314.0
2022-09-11 07:00:00,0.354,0.3569,0.3537,0.356,4418768.0
2022-09-11 06:00:00,0.3551,0.3558,0.3516,0.354,7805925.0
2022-09-11 05:00:00,0.3551,0.3564,0.3548,0.3551,3105545.0
2022-09-11 04:00:00,0.3562,0.3566,0.3543,0.3552,4807750.0
2022-09-11 03:00:00,0.3554,0.3565,0.3548,0.3561,3657822.0
2022-09-11 02:00:00,0.3567,0.3575,0.355,0.3554,4358503.0
2022-09-11 01:00:00,0.3583,0.359,0.3562,0.3567,5197597.0
2022-09-11 00:00:00,0.3574,0.3589,0.357,0.3582,3901389.0
2022-09-10 23:00:00,0.3596,0.3598,0.3568,0.3573,5559707.0
2022-09-10 22:00:00,0.3578,0.3601,0.357,0.3595,7479966.0
2022-09-10 21:00:00,0.3553,0.3596,0.3552,0.3577,5626780.0
2022-09-10 20:00:00,0.3572,0.3576,0.3545,0.3552,3369830.0
2022-09-10 19:00:00,0.356,0.3577,0.356,0.3571,3838000.0
2022-09-10 18:00:00,0.3545,0.3574,0.3544,0.356,4148195.0
2022-09-10 17:00:00,0.3547,0.3551,0.3526,0.3545,4463618.0
2022-09-10 16:00:00,0.3557,0.3565,0.3538,0.3548,6985960.0
2022-09-10 15:00:00,0.3549,0.358,0.3548,0.3558,6776044.0
2022-09-10 14:00:00,0.3539,0.3556,0.3534,0.3548,5368868.0
2022-09-10 13:00:00,0.356,0.3565,0.3533,0.3539,7271891.0
2022-09-10 12:00:00,0.3546,0.3562,0.3534,0.3561,6348949.0
2022-09-10 11:00:00,0.3544,0.3553,0.354,0.3546,3746560.0
2022-09-10 10:00:00,0.3547,0.3548,0.3521,0.3545,6578401.0
2022-09-10 09:00:00,0.3545,0.3554,0.3537,0.3548,4428990.0
2022-09-10 08:00:00,0.3532,0.3558,0.3531,0.3544,6033456.0
2022-09-10 07:00:00,0.3607,0.3613,0.3514,0.353,23341820.0
2022-09-10 06:00:00,0.357,0.3622,0.3568,0.3607,11680576.0
2022-09-10 05:00:00,0.3544,0.357,0.3541,0.3569,7229778.0
2022-09-10 04:00:00,0.3547,0.3573,0.3535,0.3545,8392889.0
2022-09-10 03:00:00,0.3577,0.3585,0.3546,0.3548,5633018.0
2022-09-10 02:00:00,0.3549,0.3582,0.3544,0.3577,6277988.0
2022-09-10 01:00:00,0.3576,0.3581,0.3544,0.3549,10209248.0
2022-09-10 00:00:00,0.3568,0.3584,0.352,0.3576,25219726.0
2022-09-09 23:00:00,0.3535,0.3597,0.3527,0.3568,28450408.0
2022-09-09 22:00:00,0.3505,0.3544,0.3493,0.3536,9824974.0
2022-09-09 21:00:00,0.3518,0.3528,0.3484,0.3506,8020766.0
2022-09-09 20:00:00,0.3524,0.3534,0.3507,0.3518,9743970.0
2022-09-09 19:00:00,0.3473,0.3526,0.3473,0.3525,12605790.0
2022-09-09 18:00:00,0.3448,0.3476,0.3447,0.3473,5800237.0
2022-09-09 17:00:00,0.3464,0.3472,0.3447,0.3448,12923035.0
2022-09-09 16:00:00,0.3472,0.348,0.3452,0.3463,13622197.0
2022-09-09 15:00:00,0.3487,0.35,0.3466,0.3472,12310577.0
2022-09-09 14:00:00,0.3492,0.3506,0.3478,0.3487,9885943.0
2022-09-09 13:00:00,0.352,0.3523,0.347,0.3492,21231268.0
2022-09-09 12:00:00,0.3508,0.3539,0.35,0.3521,27560160.0
2022-09-09 11:00:00,0.3546,0.3549,0.3499,0.3508,14610553.0
2022-09-09 10:00:00,0.3523,0.3558,0.352,0.3545,15799027.0
2022-09-09 09:00:00,0.352,0.3538,0.3505,0.3523,11810463.0
2022-09-09 08:00:00,0.3491,0.353,0.3488,0.352,15515571.0
2022-09-09 07:00:00,0.3499,0.351,0.3484,0.3492,11505061.0
2022-09-09 06:00:00,0.3497,0.352,0.349,0.3499,11093109.0
2022-09-09 05:00:00,0.3484,0.3511,0.3476,0.3496,15607717.0
2022-09-09 04:00:00,0.3449,0.35,0.3438,0.3484,24741820.0
2022-09-09 03:00:00,0.3426,0.3456,0.3409,0.3449,14737855.0
2022-09-09 02:00:00,0.3404,0.3464,0.3403,0.3426,16147036.0
2022-09-09 01:00:00,0.3412,0.3415,0.3397,0.3403,6002150.0
2022-09-09 00:00:00,0.3396,0.342,0.3394,0.3412,5299340.0
2022-09-08 23:00:00,0.3419,0.3423,0.3394,0.3396,6403192.0
2022-09-08 22:00:00,0.3411,0.342,0.3387,0.3419,8497099.0
2022-09-08 21:00:00,0.3414,0.3415,0.3382,0.341,6890935.0
2022-09-08 20:00:00,0.3431,0.3433,0.3405,0.3415,10576791.0
2022-09-08 19:00:00,0.3366,0.3434,0.3358,0.343,13135622.0
2022-09-08 18:00:00,0.3337,0.3368,0.3336,0.3366,8091266.0
2022-09-08 17:00:00,0.3318,0.3338,0.3308,0.3336,6878206.0
2022-09-08 16:00:00,0.3333,0.3336,0.33,0.3317,13684508.0
2022-09-08 15:00:00,0.3351,0.3356,0.3329,0.3333,7447632.0
2022-09-08 14:00:00,0.3337,0.3352,0.3307,0.3351,13902635.0
2022-09-08 13:00:00,0.3309,0.3351,0.3282,0.3337,17108124.0
2022-09-08 12:00:00,0.3325,0.3337,0.3302,0.3308,12658456.0
2022-09-08 11:00:00,0.3324,0.3336,0.3317,0.3325,6920103.0
2022-09-08 10:00:00,0.3303,0.3328,0.33,0.3323,8705394.0
2022-09-08 09:00:00,0.3334,0.3334,0.3293,0.3304,8658128.0
2022-09-08 08:00:00,0.3312,0.3338,0.3287,0.3334,15267018.0
2022-09-08 07:00:00,0.3316,0.3325,0.3284,0.3313,13791850.0
2022-09-08 06:00:00,0.3346,0.3361,0.3317,0.3317,7123102.0
2022-09-08 05:00:00,0.3338,0.335,0.333,0.3345,7123538.0
2022-09-08 04:00:00,0.3322,0.3344,0.3317,0.3337,8372537.0
2022-09-08 03:00:00,0.3323,0.3326,0.331,0.3322,7391255.0
2022-09-08 02:00:00,0.3329,0.333,0.3308,0.3324,9591916.0
2022-09-08 01:00:00,0.3346,0.3348,0.3318,0.3328,6804249.0
2022-09-08 00:00:00,0.3369,0.3377,0.3335,0.3345,9566403.0
2022-09-07 23:00:00,0.3378,0.3385,0.3362,0.3369,10118845.0
2022-09-07 22:00:00,0.335,0.3386,0.3341,0.3378,10541563.0
2022-09-07 21:00:00,0.3355,0.3362,0.3335,0.335,13330380.0
2022-09-07 20:00:00,0.3336,0.3375,0.3336,0.3354,25154173.0
2022-09-07 19:00:00,0.3316,0.3344,0.3316,0.3336,9684482.0
2022-09-07 18:00:00,0.3281,0.3335,0.3281,0.3315,13693554.0
2022-09-07 17:00:00,0.3249,0.3297,0.3249,0.3281,8575063.0
2022-09-07 16:00:00,0.3247,0.3259,0.3244,0.325,7642199.0
2022-09-07 15:00:00,0.324,0.3248,0.3231,0.3248,5366152.0
2022-09-07 14:00:00,0.3233,0.3249,0.3229,0.324,8430450.0
2022-09-07 13:00:00,0.3243,0.3267,0.3233,0.3233,12485162.0
2022-09-07 12:00:00,0.323,0.3243,0.3216,0.3242,10317281.0
2022-09-07 11:00:00,0.3224,0.3234,0.3216,0.3231,8277979.0
2022-09-07 10:00:00,0.3219,0.3226,0.3209,0.3223,9940534.0
2022-09-07 09:00:00,0.3203,0.3219,0.3195,0.3219,7948253.0
2022-09-07 08:00:00,0.3203,0.3211,0.3202,0.3203,8384608.0
2022-09-07 07:00:00,0.3184,0.3206,0.3181,0.3203,8029259.0
2022-09-07 06:00:00,0.3167,0.3185,0.3156,0.3183,8931397.0
2022-09-07 05:00:00,0.317,0.3183,0.3165,0.3166,9398995.0
2022-09-07 04:00:00,0.3183,0.3185,0.3154,0.3171,14112183.0
2022-09-07 03:00:00,0.3156,0.3187,0.3156,0.3183,9703150.0
2022-09-07 02:00:00,0.3192,0.3202,0.312,0.3155,22017254.0
2022-09-07 01:00:00,0.3217,0.3218,0.3183,0.3192,9881076.0
2022-09-07 00:00:00,0.3212,0.3233,0.3178,0.3218,15745597.0
2022-09-06 23:00:00,0.323,0.3233,0.321,0.3212,10944450.0
2022-09-06 22:00:00,0.3241,0.3249,0.323,0.323,7291519.0
2022-09-06 21:00:00,0.3247,0.3253,0.324,0.3241,6423134.0
2022-09-06 20:00:00,0.3234,0.3247,0.3154,0.3247,18048596.0
2022-09-06 19:00:00,0.3231,0.3249,0.3224,0.3235,9448915.0
2022-09-06 18:00:00,0.3251,0.3251,0.3219,0.3231,17973031.0
2022-09-06 17:00:00,0.334,0.3342,0.3232,0.3252,53840310.0
2022-09-06 16:00:00,0.3343,0.3349,0.3323,0.334,6603327.0
2022-09-06 15:00:00,0.3343,0.3351,0.3327,0.3343,8000271.0
2022-09-06 14:00:00,0.3326,0.335,0.3307,0.3343,12583892.0
2022-09-06 13:00:00,0.3348,0.3358,0.3315,0.3326,13173668.0
2022-09-06 12:00:00,0.336,0.3369,0.3349,0.3349,9591629.0
2022-09-06 11:00:00,0.3358,0.3365,0.3349,0.3361,7058731.0
2022-09-06 10:00:00,0.3347,0.3367,0.3345,0.3358,9346144.0
2022-09-06 09:00:00,0.3353,0.3356,0.3321,0.3348,9518485.0
2022-09-06 08:00:00,0.3337,0.3352,0.3329,0.3352,6711298.0
2022-09-06 07:00:00,0.3349,0.3359,0.3335,0.3337,12466299.0
2022-09-06 06:00:00,0.3353,0.338,0.3347,0.335,11739270.0
2022-09-06 05:00:00,0.3332,0.3359,0.3323,0.3352,8778564.0
2022-09-06 04:00:00,0.3342,0.3359,0.3331,0.3331,8052508.0
2022-09-06 03:00:00,0.3346,0.3348,0.3313,0.3341,10231570.0
2022-09-06 02:00:00,0.3348,0.3358,0.3307,0.3346,16850315.0
2022-09-06 01:00:00,0.3413,0.3431,0.3346,0.3348,18601140.0
2022-09-06 00:00:00,0.3329,0.3431,0.3328,0.3412,43876829.0
2022-09-05 23:00:00,0.332,0.3338,0.3304,0.3329,6948358.0
2022-09-05 22:00:00,0.3315,0.3327,0.331,0.332,6534771.0
2022-09-05 21:00:00,0.331,0.3316,0.3305,0.3315,5349817.0
2022-09-05 20:00:00,0.33,0.3312,0.33,0.331,5523922.0
2022-09-05 19:00:00,0.3295,0.3306,0.329,0.3299,5487180.0
2022-09-05 18:00:00,0.3296,0.3298,0.3279,0.3295,4986965.0
2022-09-05 17:00:00,0.3291,0.3303,0.329,0.3296,8117337.0
2022-09-05 16:00:00,0.3283,0.3293,0.3274,0.3291,8878314.0
2022-09-05 15:00:00,0.3276,0.329,0.3275,0.3284,13000372.0
2022-09-05 14:00:00,0.3254,0.3278,0.3249,0.3277,7670699.0
2022-09-05 13:00:00,0.3251,0.3264,0.3249,0.3254,9188273.0
2022-09-05 12:00:00,0.3245,0.3253,0.3242,0.3251,6738072.0
2022-09-05 11:00:00,0.3228,0.3247,0.3227,0.3246,6971608.0
2022-09-05 10:00:00,0.3243,0.3248,0.3225,0.3229,11157335.0
2022-09-05 09:00:00,0.326,0.3264,0.3242,0.3243,7499513.0
2022-09-05 08:00:00,0.3257,0.3268,0.3256,0.326,5408735.0
2022-09-05 07:00:00,0.3277,0.3278,0.325,0.3257,9012245.0
2022-09-05 06:00:00,0.3269,0.3287,0.3266,0.3278,7443717.0
2022-09-05 05:00:00,0.3305,0.3307,0.3258,0.327,11892320.0
2022-09-05 04:00:00,0.3306,0.3312,0.3301,0.3306,3987015.0
2022-09-05 03:00:00,0.3313,0.3319,0.3303,0.3306,4621798.0
2022-09-05 02:00:00,0.3306,0.3315,0.3303,0.3314,5644139.0
2022-09-05 01:00:00,0.3319,0.3332,0.3304,0.3306,5787207.0
2022-09-05 00:00:00,0.3318,0.3334,0.3314,0.3318,10471164.0
2022-09-04 23:00:00,0.3302,0.3318,0.3295,0.3317,4393839.0
2022-09-04 22:00:00,0.331,0.3315,0.3302,0.3303,2654364.0
2022-09-04 21:00:00,0.3318,0.3324,0.3305,0.3311,3753793.0
2022-09-04 20:00:00,0.3308,0.332,0.3303,0.3318,2954650.0
2022-09-04 19:00:00,0.3304,0.331,0.3299,0.3307,2442674.0
2022-09-04 18:00:00,0.3314,0.332,0.3303,0.3303,3507807.0
2022-09-04 17:00:00,0.3313,0.3318,0.3308,0.3315,3074761.0
2022-09-04 16:00:00,0.3298,0.3315,0.3295,0.3314,3513190.0
2022-09-04 15:00:00,0.3296,0.3301,0.3292,0.3299,3001307.0
2022-09-04 14:00:00,0.3298,0.3302,0.3289,0.3297,3861091.0
2022-09-04 13:00:00,0.3318,0.332,0.3296,0.3297,3073940.0
2022-09-04 12:00:00,0.3311,0.3327,0.3301,0.3317,4781674.0
2022-09-04 11:00:00,0.3304,0.3312,0.33,0.3311,3748347.0
2022-09-04 10:00:00,0.3291,0.3306,0.3291,0.3304,4270010.0
2022-09-04 09:00:00,0.3289,0.33,0.3281,0.329,11845635.0
2022-09-04 08:00:00,0.3288,0.3297,0.3275,0.329,4995897.0
2022-09-04 07:00:00,0.33,0.3306,0.3286,0.3288,4004750.0
2022-09-04 06:00:00,0.3312,0.3317,0.3294,0.33,4783820.0
2022-09-04 05:00:00,0.3322,0.3328,0.3309,0.3313,3334619.0
2022-09-04 04:00:00,0.3304,0.3325,0.3299,0.3323,7264754.0
2022-09-04 03:00:00,0.3309,0.3313,0.3296,0.3303,2926098.0
2022-09-04 02:00:00,0.3293,0.3311,0.3293,0.3309,3077114.0
2022-09-04 01:00:00,0.33,0.3306,0.3291,0.3292,2251213.0
2022-09-04 00:00:00,0.3296,0.3305,0.3293,0.33,2398046.0
2022-09-03 23:00:00,0.3291,0.3298,0.3284,0.3297,2348535.0
2022-09-03 22:00:00,0.3292,0.3304,0.3289,0.3291,3207928.0
2022-09-03 21:00:00,0.3293,0.3301,0.329,0.3291,1730646.0
2022-09-03 20:00:00,0.3287,0.3297,0.3284,0.3293,1459933.0
2022-09-03 19:00:00,0.3297,0.3305,0.3278,0.3288,3638848.0
2022-09-03 18:00:00,0.3306,0.3309,0.3295,0.3297,2566514.0
2022-09-03 17:00:00,0.3302,0.3308,0.3297,0.3305,3818644.0
2022-09-03 16:00:00,0.3293,0.3314,0.3293,0.3303,4018495.0
2022-09-03 15:00:00,0.3296,0.33,0.3288,0.3293,3233860.0
2022-09-03 14:00:00,0.3294,0.3306,0.3287,0.3296,3464383.0
2022-09-03 13:00:00,0.3292,0.3297,0.3286,0.3294,2113841.0
2022-09-03 12:00:00,0.329,0.3296,0.3284,0.3292,3641712.0
2022-09-03 11:00:00,0.3285,0.3291,0.3278,0.329,2948945.0
2022-09-03 10:00:00,0.3281,0.329,0.3279,0.3285,3419038.0
2022-09-03 09:00:00,0.3282,0.329,0.3275,0.3281,4582748.0
2022-09-03 08:00:00,0.3282,0.3288,0.3274,0.3282,5655080.0
2022-09-03 07:00:00,0.3291,0.3293,0.3265,0.3282,5600321.0
2022-09-03 06:00:00,0.331,0.331,0.3283,0.3292,5277592.0
2022-09-03 05:00:00,0.3299,0.3315,0.3296,0.3309,3340375.0
2022-09-03 04:00:00,0.3283,0.3303,0.3282,0.33,4022272.0
2022-09-03 03:00:00,0.3287,0.329,0.3279,0.3283,7158140.0
2022-09-03 02:00:00,0.3288,0.329,0.3276,0.3287,4659476.0
2022-09-03 01:00:00,0.3314,0.3316,0.3285,0.3288,4923352.0
2022-09-03 00:00:00,0.3315,0.335,0.3287,0.3313,16487226.0
2022-09-02 23:00:00,0.3308,0.3317,0.3295,0.3314,5302109.0
2022-09-02 22:00:00,0.331,0.3316,0.3291,0.3308,5526153.0
2022-09-02 21:00:00,0.3302,0.3314,0.3299,0.331,7216993.0
2022-09-02 20:00:00,0.3272,0.3302,0.3266,0.3302,6287617.0
2022-09-02 19:00:00,0.3279,0.329,0.3253,0.3272,7810653.0
2022-09-02 18:00:00,0.3267,0.3285,0.326,0.328,7696012.0
2022-09-02 17:00:00,0.327,0.3286,0.3258,0.3268,9692898.0
2022-09-02 16:00:00,0.3306,0.3316,0.3261,0.327,8132159.0
2022-09-02 15:00:00,0.3306,0.332,0.3304,0.3305,4638363.0
2022-09-02 14:00:00,0.3298,0.3326,0.3292,0.3306,8159068.0
2022-09-02 13:00:00,0.3311,0.3324,0.3296,0.3298,7489010.0
2022-09-02 12:00:00,0.3291,0.3336,0.3273,0.3312,20569789.0
2022-09-02 11:00:00,0.3296,0.3305,0.3277,0.3292,5989096.0
2022-09-02 10:00:00,0.3314,0.332,0.3294,0.3297,6195129.0
2022-09-02 09:00:00,0.3306,0.3322,0.3304,0.3315,6544597.0
2022-09-02 08:00:00,0.3316,0.3317,0.3303,0.3307,7637196.0
2022-09-02 07:00:00,0.3343,0.3345,0.3314,0.3316,7903752.0
2022-09-02 06:00:00,0.3336,0.3355,0.3326,0.3342,8296546.0
2022-09-02 05:00:00,0.3338,0.3348,0.3324,0.3336,5330988.0
2022-09-02 04:00:00,0.3312,0.335,0.3308,0.3338,8614379.0
2022-09-02 03:00:00,0.3296,0.332,0.3295,0.3311,9127402.0
2022-09-02 02:00:00,0.3301,0.3303,0.328,0.3296,6183489.0
2022-09-02 01:00:00,0.3316,0.3316,0.3295,0.33,4799716.0
2022-09-02 00:00:00,0.3332,0.3336,0.3308,0.3316,4458322.0
2022-09-01 23:00:00,0.3322,0.3334,0.3318,0.3331,3353143.0
2022-09-01 22:00:00,0.3321,0.3334,0.3317,0.3322,4496060.0
2022-09-01 21:00:00,0.3322,0.3332,0.3315,0.3322,6546049.0
2022-09-01 20:00:00,0.3299,0.3327,0.3296,0.3322,7554654.0
2022-09-01 19:00:00,0.3273,0.3303,0.3271,0.33,8392053.0
2022-09-01 18:00:00,0.3247,0.3276,0.3244,0.3273,4752325.0
2022-09-01 17:00:00,0.3235,0.3258,0.3231,0.3247,6421147.0
2022-09-01 16:00:00,0.3232,0.3245,0.3223,0.3236,8041398.0
2022-09-01 15:00:00,0.3226,0.324,0.3219,0.3231,16267730.0
2022-09-01 14:00:00,0.3257,0.3259,0.3215,0.3226,14551968.0
2022-09-01 13:00:00,0.3255,0.3268,0.3249,0.3257,6262233.0
2022-09-01 12:00:00,0.3268,0.3273,0.3243,0.3255,7843073.0
2022-09-01 11:00:00,0.3252,0.3273,0.3251,0.3269,6491218.0
2022-09-01 10:00:00,0.3251,0.326,0.3242,0.3251,8478557.0
2022-09-01 09:00:00,0.3264,0.3275,0.3238,0.3251,8501061.0
2022-09-01 08:00:00,0.3258,0.3266,0.3241,0.3264,7349864.0
2022-09-01 07:00:00,0.3264,0.3265,0.3247,0.3259,6648168.0
2022-09-01 06:00:00,0.3267,0.3271,0.3252,0.3265,5028541.0
2022-09-01 05:00:00,0.3256,0.3272,0.3255,0.3267,6054681.0
2022-09-01 04:00:00,0.3238,0.3263,0.3237,0.3256,6708844.0
2022-09-01 03:00:00,0.3248,0.3255,0.3224,0.3237,9654453.0
2022-09-01 02:00:00,0.3266,0.3267,0.324,0.3247,9485173.0
2022-09-01 01:00:00,0.3278,0.3283,0.3256,0.3265,7598391.0
2022-09-01 00:00:00,0.3276,0.3292,0.326,0.3278,7084203.0
2022-08-31 23:00:00,0.3297,0.3297,0.326,0.3277,5012148.0
2022-08-31 22:00:00,0.3311,0.3314,0.328,0.3297,4365140.0
2022-08-31 21:00:00,0.3308,0.3312,0.3298,0.3311,4332571.0
2022-08-31 20:00:00,0.3295,0.3311,0.3289,0.3309,5110133.0
2022-08-31 19:00:00,0.3262,0.3306,0.3259,0.3295,7277719.0
2022-08-31 18:00:00,0.3253,0.3277,0.3251,0.3262,5956717.0
2022-08-31 17:00:00,0.3259,0.328,0.3243,0.3252,7931351.0
2022-08-31 16:00:00,0.3268,0.3269,0.3253,0.3259,7638013.0
2022-08-31 15:00:00,0.3274,0.3274,0.323,0.3267,17390039.0
2022-08-31 14:00:00,0.3293,0.3305,0.3271,0.3274,11258099.0
2022-08-31 13:00:00,0.3312,0.3316,0.3285,0.3292,9543467.0
2022-08-31 12:00:00,0.3303,0.3324,0.3299,0.3312,9845680.0
2022-08-31 11:00:00,0.3313,0.3322,0.3293,0.3304,7066708.0
2022-08-31 10:00:00,0.3334,0.3339,0.3311,0.3314,9168154.0
2022-08-31 09:00:00,0.3302,0.3338,0.3298,0.3334,8137504.0
2022-08-31 08:00:00,0.3306,0.332,0.3289,0.3302,8838573.0
2022-08-31 07:00:00,0.331,0.3324,0.3306,0.3307,7162196.0
2022-08-31 06:00:00,0.3326,0.3338,0.3307,0.331,9327917.0
2022-08-31 05:00:00,0.3325,0.3335,0.332,0.3326,5992331.0
2022-08-31 04:00:00,0.3321,0.3336,0.332,0.3325,6429772.0
2022-08-31 03:00:00,0.3318,0.3327,0.3312,0.3322,8281630.0
2022-08-31 02:00:00,0.3306,0.3328,0.3302,0.3318,10735735.0
2022-08-31 01:00:00,0.3293,0.332,0.329,0.3305,12067982.0
2022-08-31 00:00:00,0.3268,0.3299,0.3267,0.3293,6174263.0
2022-08-30 23:00:00,0.329,0.3294,0.326,0.3267,4581383.0
2022-08-30 22:00:00,0.3277,0.329,0.3267,0.3289,4864682.0
2022-08-30 21:00:00,0.3282,0.3308,0.3269,0.3276,5243993.0
2022-08-30 20:00:00,0.3261,0.3295,0.3252,0.3282,5522707.0
2022-08-30 19:00:00,0.3231,0.3285,0.323,0.3262,11032513.0
2022-08-30 18:00:00,0.3213,0.3233,0.3212,0.323,5884552.0
2022-08-30 17:00:00,0.3206,0.3219,0.3203,0.3214,9939364.0
2022-08-30 16:00:00,0.324,0.3258,0.32,0.3207,11049639.0
2022-08-30 15:00:00,0.3241,0.3248,0.3231,0.3239,13382565.0
2022-08-30 14:00:00,0.3291,0.3294,0.3216,0.3241,23305043.0
2022-08-30 13:00:00,0.3294,0.3309,0.3288,0.3291,9577288.0
2022-08-30 12:00:00,0.3307,0.3315,0.3284,0.3295,9983269.0
2022-08-30 11:00:00,0.3307,0.3317,0.3302,0.3308,6373212.0
2022-08-30 10:00:00,0.3324,0.3327,0.3304,0.3307,9056171.0
2022-08-30 09:00:00,0.3304,0.3325,0.3302,0.3324,6086676.0
2022-08-30 08:00:00,0.3322,0.3332,0.3301,0.3303,7528313.0
2022-08-30 07:00:00,0.3328,0.3359,0.3321,0.3322,11868190.0
2022-08-30 06:00:00,0.3316,0.3332,0.3314,0.3328,5263093.0
2022-08-30 05:00:00,0.3332,0.3332,0.3312,0.3316,7548227.0
2022-08-30 04:00:00,0.3301,0.3339,0.3295,0.3332,13913623.0
2022-08-30 03:00:00,0.3302,0.3307,0.3283,0.3301,8866196.0
2022-08-30 02:00:00,0.3304,0.3305,0.3291,0.3302,8114601.0
2022-08-30 01:00:00,0.3333,0.3335,0.3303,0.3304,7752368.0
2022-08-30 00:00:00,0.3337,0.3341,0.3318,0.3333,7141440.0
2022-08-29 23:00:00,0.3308,0.3342,0.3296,0.3337,11579019.0
2022-08-29 22:00:00,0.3322,0.3331,0.3299,0.3308,5326613.0
2022-08-29 21:00:00,0.333,0.3331,0.3312,0.3321,4773960.0
2022-08-29 20:00:00,0.3293,0.3331,0.3293,0.333,8829621.0
2022-08-29 19:00:00,0.3284,0.33,0.3279,0.3294,4687825.0
2022-08-29 18:00:00,0.3282,0.3286,0.3265,0.3284,5688024.0
2022-08-29 17:00:00,0.3284,0.3292,0.3277,0.3283,5146865.0
2022-08-29 16:00:00,0.3282,0.3306,0.3274,0.3283,18701331.0
2022-08-29 15:00:00,0.327,0.3292,0.327,0.3282,9020526.0
2022-08-29 14:00:00,0.3263,0.3313,0.3256,0.3271,19857444.0
2022-08-29 13:00:00,0.3245,0.3273,0.3244,0.3262,15736387.0
2022-08-29 12:00:00,0.3231,0.3279,0.3228,0.3245,17813336.0
2022-08-29 11:00:00,0.3233,0.3237,0.3216,0.323,8151876.0
2022-08-29 10:00:00,0.3202,0.3244,0.3196,0.3234,23580700.0
2022-08-29 09:00:00,0.3197,0.3208,0.3187,0.3202,12565925.0
2022-08-29 08:00:00,0.3223,0.3227,0.3191,0.3197,9027767.0
2022-08-29 07:00:00,0.3212,0.3224,0.3205,0.3224,9235550.0
2022-08-29 06:00:00,0.3216,0.3221,0.3192,0.3212,12303509.0
2022-08-29 05:00:00,0.3226,0.3241,0.3213,0.3216,11907322.0
2022-08-29 04:00:00,0.3233,0.324,0.3205,0.3225,7939512.0
2022-08-29 03:00:00,0.3198,0.3244,0.3197,0.3233,9775148.0
2022-08-29 02:00:00,0.32,0.3226,0.3195,0.3199,10171463.0
2022-08-29 01:00:00,0.3221,0.3233,0.3186,0.3201,9534785.0
2022-08-29 00:00:00,0.3223,0.3254,0.3189,0.322,17501749.0
2022-08-28 23:00:00,0.3307,0.3307,0.3213,0.3224,30741597.0
2022-08-28 22:00:00,0.3343,0.3345,0.3288,0.3306,11972296.0
2022-08-28 21:00:00,0.3356,0.336,0.3338,0.3344,2095155.0
2022-08-28 20:00:00,0.3345,0.3359,0.3343,0.3356,3390086.0
2022-08-28 19:00:00,0.3355,0.3361,0.3339,0.3345,3004518.0
2022-08-28 18:00:00,0.3349,0.3361,0.3348,0.3355,2961642.0
2022-08-28 17:00:00,0.3346,0.3354,0.3345,0.3348,2704743.0
2022-08-28 16:00:00,0.3341,0.3373,0.334,0.3346,6551176.0
2022-08-28 15:00:00,0.3345,0.3356,0.334,0.3341,4428376.0
2022-08-28 14:00:00,0.3341,0.3359,0.3328,0.3344,6198994.0
2022-08-28 13:00:00,0.334,0.3349,0.3337,0.3341,3625664.0
2022-08-28 12:00:00,0.3353,0.3361,0.3337,0.334,6703056.0
2022-08-28 11:00:00,0.3341,0.3357,0.3331,0.3353,6898352.0
2022-08-28 10:00:00,0.3336,0.3352,0.333,0.3341,4357176.0
2022-08-28 09:00:00,0.3337,0.3343,0.3334,0.3336,2755093.0
2022-08-28 08:00:00,0.3343,0.3354,0.3333,0.3337,4499550.0
2022-08-28 07:00:00,0.334,0.3349,0.3333,0.3344,2756366.0
2022-08-28 06:00:00,0.3343,0.3349,0.3336,0.3341,4683103.0
2022-08-28 05:00:00,0.3335,0.3343,0.3318,0.3343,7127238.0
2022-08-28 04:00:00,0.3343,0.3344,0.333,0.3336,4554650.0
2022-08-28 03:00:00,0.3342,0.3354,0.3337,0.3343,3942317.0
2022-08-28 02:00:00,0.3327,0.3361,0.3327,0.3342,5228928.0
2022-08-28 01:00:00,0.3348,0.3362,0.3323,0.3328,13070852.0
2022-08-28 00:00:00,0.3346,0.3357,0.3334,0.3347,4733662.0
2022-08-27 23:00:00,0.3345,0.3359,0.334,0.3346,4437720.0
2022-08-27 22:00:00,0.334,0.3369,0.3324,0.3345,9799089.0
2022-08-27 21:00:00,0.3358,0.3359,0.3338,0.3339,2247011.0
2022-08-27 20:00:00,0.335,0.336,0.3345,0.3358,3147204.0
2022-08-27 19:00:00,0.334,0.3356,0.3335,0.335,3005105.0
2022-08-27 18:00:00,0.334,0.3348,0.3327,0.3341,4592052.0
2022-08-27 17:00:00,0.3362,0.3367,0.3338,0.334,5776334.0
2022-08-27 16:00:00,0.3341,0.3366,0.3322,0.3363,11915781.0
2022-08-27 15:00:00,0.3342,0.3361,0.3308,0.3341,14651575.0
2022-08-27 14:00:00,0.3357,0.3364,0.3341,0.3342,5227796.0
2022-08-27 13:00:00,0.336,0.3372,0.3346,0.3357,5559511.0
2022-08-27 12:00:00,0.337,0.3373,0.3351,0.3359,4560399.0
2022-08-27 11:00:00,0.3359,0.3379,0.3359,0.3371,3518353.0
2022-08-27 10:00:00,0.3346,0.3369,0.3344,0.3359,5428025.0
2022-08-27 09:00:00,0.3351,0.3354,0.3336,0.3345,6782729.0
2022-08-27 08:00:00,0.3363,0.3364,0.3346,0.3352,6690235.0
2022-08-27 07:00:00,0.3341,0.3364,0.3337,0.3363,7744591.0
2022-08-27 06:00:00,0.3327,0.3344,0.3313,0.3341,6213397.0
2022-08-27 05:00:00,0.3342,0.3354,0.3283,0.3328,21469529.0
2022-08-27 04:00:00,0.3366,0.3367,0.3342,0.3344,4890770.0
2022-08-27 03:00:00,0.3344,0.337,0.3342,0.3366,4245411.0
2022-08-27 02:00:00,0.3353,0.3364,0.3325,0.3344,10733862.0
2022-08-27 01:00:00,0.336,0.3372,0.3337,0.3354,7482510.0
2022-08-27 00:00:00,0.3393,0.3447,0.3356,0.336,15752465.0
2022-08-26 23:00:00,0.3398,0.3405,0.3331,0.3393,22651349.0
2022-08-26 22:00:00,0.3424,0.3433,0.3344,0.3399,11234169.0
2022-08-26 21:00:00,0.3409,0.343,0.34,0.3424,7825206.0
2022-08-26 20:00:00,0.3403,0.3414,0.3387,0.341,11505341.0
2022-08-26 19:00:00,0.3361,0.3409,0.3359,0.3403,7515580.0
2022-08-26 18:00:00,0.3352,0.3366,0.3325,0.3361,14078295.0
2022-08-26 17:00:00,0.3352,0.3366,0.3347,0.3353,11740838.0
2022-08-26 16:00:00,0.3402,0.3403,0.3331,0.3352,28460290.0
2022-08-26 15:00:00,0.3491,0.3492,0.3391,0.3403,41070070.0
2022-08-26 14:00:00,0.3565,0.358,0.3484,0.3491,34700604.0
2022-08-26 13:00:00,0.3574,0.36,0.3542,0.3566,19969988.0
2022-08-26 12:00:00,0.3535,0.3578,0.3506,0.3573,27050306.0
2022-08-26 11:00:00,0.3591,0.3595,0.3512,0.3534,23327337.0
2022-08-26 10:00:00,0.3619,0.3621,0.3577,0.359,21622400.0
2022-08-26 09:00:00,0.3701,0.3704,0.3609,0.3619,33771408.0
2022-08-26 08:00:00,0.3493,0.3712,0.3491,0.37,65187895.0
2022-08-26 07:00:00,0.3483,0.3496,0.3459,0.3493,8623377.0
2022-08-26 06:00:00,0.347,0.3507,0.3469,0.3482,8909670.0
2022-08-26 05:00:00,0.3486,0.3493,0.346,0.347,7566889.0
2022-08-26 04:00:00,0.3474,0.3498,0.3472,0.3486,9529674.0
2022-08-26 03:00:00,0.3469,0.3478,0.3462,0.3475,4532689.0
2022-08-26 02:00:00,0.347,0.3476,0.3458,0.3469,6345969.0
2022-08-26 01:00:00,0.3463,0.3476,0.3462,0.3469,5328802.0
2022-08-26 00:00:00,0.3491,0.3491,0.3457,0.3463,6663612.0
2022-08-25 23:00:00,0.3484,0.3498,0.3473,0.3491,6014335.0
2022-08-25 22:00:00,0.3498,0.3501,0.3477,0.3483,4013104.0
2022-08-25 21:00:00,0.3512,0.3513,0.3494,0.3498,4336331.0
2022-08-25 20:00:00,0.349,0.3522,0.3476,0.3511,8104415.0
2022-08-25 19:00:00,0.3478,0.3492,0.3478,0.3489,4766633.0
2022-08-25 18:00:00,0.3469,0.3483,0.3463,0.3479,3573152.0
2022-08-25 17:00:00,0.3444,0.3474,0.344,0.3468,6451122.0
2022-08-25 16:00:00,0.3454,0.3461,0.3437,0.3444,12402169.0
2022-08-25 15:00:00,0.3478,0.3484,0.3438,0.3454,13294947.0
2022-08-25 14:00:00,0.3483,0.35,0.3478,0.3478,7804115.0
2022-08-25 13:00:00,0.3473,0.3487,0.3464,0.3484,8720889.0
2022-08-25 12:00:00,0.3486,0.3492,0.3464,0.3474,7621999.0
2022-08-25 11:00:00,0.3471,0.3488,0.3462,0.3487,6688531.0
2022-08-25 10:00:00,0.346,0.3475,0.3453,0.3471,7651860.0
2022-08-25 09:00:00,0.3486,0.3489,0.3456,0.3461,8399412.0
2022-08-25 08:00:00,0.347,0.3492,0.347,0.3486,6946584.0
2022-08-25 07:00:00,0.3493,0.3506,0.3457,0.347,20952633.0
2022-08-25 06:00:00,0.348,0.3509,0.3479,0.3493,13514112.0
2022-08-25 05:00:00,0.3471,0.3484,0.3467,0.348,7398472.0
2022-08-25 04:00:00,0.3455,0.3473,0.3452,0.347,4748563.0
2022-08-25 03:00:00,0.3451,0.3465,0.3439,0.3454,8099418.0
2022-08-25 02:00:00,0.3461,0.3466,0.3435,0.3452,11689733.0
2022-08-25 01:00:00,0.3496,0.3503,0.3459,0.3462,8890688.0
2022-08-25 00:00:00,0.3456,0.3498,0.3455,0.3496,8747853.0
2022-08-24 23:00:00,0.3458,0.3477,0.3453,0.3456,5377363.0
2022-08-24 22:00:00,0.3494,0.3498,0.3451,0.3457,9028956.0
2022-08-24 21:00:00,0.3506,0.3525,0.3486,0.3494,9442316.0
2022-08-24 20:00:00,0.3496,0.3518,0.3494,0.3506,6225476.0
2022-08-24 19:00:00,0.3471,0.3515,0.3469,0.3496,9697381.0
2022-08-24 18:00:00,0.3457,0.3476,0.3457,0.3472,4247309.0
2022-08-24 17:00:00,0.3457,0.3461,0.3447,0.3457,5034866.0
2022-08-24 16:00:00,0.3456,0.3476,0.3449,0.3457,12511557.0
2022-08-24 15:00:00,0.343,0.3468,0.343,0.3456,10594405.0
2022-08-24 14:00:00,0.343,0.345,0.3422,0.3431,9846602.0
2022-08-24 13:00:00,0.3444,0.3447,0.3423,0.343,5857335.0
2022-08-24 12:00:00,0.3436,0.3448,0.3433,0.3444,6353270.0
2022-08-24 11:00:00,0.3412,0.3439,0.3408,0.3437,7668525.0
2022-08-24 10:00:00,0.3423,0.3439,0.3412,0.3413,5795613.0
2022-08-24 09:00:00,0.3427,0.3435,0.3423,0.3423,4842366.0
2022-08-24 08:00:00,0.3406,0.3433,0.3406,0.3428,7550532.0
2022-08-24 07:00:00,0.3443,0.3447,0.3392,0.3406,11430565.0
2022-08-24 06:00:00,0.3427,0.3445,0.3423,0.3444,6433761.0
2022-08-24 05:00:00,0.3415,0.3439,0.3409,0.3428,6643616.0
2022-08-24 04:00:00,0.3396,0.3418,0.3391,0.3414,5305272.0
2022-08-24 03:00:00,0.3394,0.3407,0.3389,0.3396,10857132.0
2022-08-24 02:00:00,0.3397,0.3413,0.3391,0.3394,8175529.0
2022-08-24 01:00:00,0.344,0.3442,0.3392,0.3396,12328051.0
2022-08-24 00:00:00,0.3473,0.3477,0.3426,0.3439,9512938.0
2022-08-23 23:00:00,0.3462,0.348,0.3455,0.3472,8115343.0
2022-08-23 22:00:00,0.3455,0.3475,0.3453,0.3461,7803095.0
2022-08-23 21:00:00,0.3455,0.3474,0.3442,0.3454,5630716.0
2022-08-23 20:00:00,0.345,0.3475,0.3446,0.3455,7576323.0
2022-08-23 19:00:00,0.3455,0.3459,0.3446,0.345,6818231.0
2022-08-23 18:00:00,0.3427,0.3469,0.3425,0.3455,9581872.0
2022-08-23 17:00:00,0.3417,0.344,0.3417,0.3427,7399741.0
2022-08-23 16:00:00,0.3427,0.3433,0.3402,0.3418,7998601.0
2022-08-23 15:00:00,0.3407,0.3428,0.3398,0.3426,8517451.0
2022-08-23 14:00:00,0.3439,0.345,0.3401,0.3408,13865501.0
2022-08-23 13:00:00,0.3393,0.3446,0.3393,0.3439,18317412.0
2022-08-23 12:00:00,0.341,0.342,0.3392,0.3393,8319711.0
2022-08-23 11:00:00,0.3398,0.3412,0.3389,0.3409,6483806.0
2022-08-23 10:00:00,0.3402,0.3404,0.3381,0.3397,9628420.0
2022-08-23 09:00:00,0.3397,0.3412,0.3377,0.3402,10582104.0
2022-08-23 08:00:00,0.3376,0.3406,0.3375,0.3397,12262191.0
2022-08-23 07:00:00,0.3341,0.3377,0.3339,0.3377,9612590.0
2022-08-23 06:00:00,0.3336,0.335,0.3326,0.3341,12384232.0
2022-08-23 05:00:00,0.3389,0.3393,0.3331,0.3336,12880133.0
2022-08-23 04:00:00,0.3388,0.3403,0.3386,0.339,8856636.0
2022-08-23 03:00:00,0.3397,0.3414,0.3385,0.3389,8554567.0
2022-08-23 02:00:00,0.3412,0.3415,0.3395,0.3397,7738137.0
2022-08-23 01:00:00,0.3424,0.3441,0.3411,0.3411,8929657.0
2022-08-23 00:00:00,0.344,0.3448,0.342,0.3424,6988373.0
2022-08-22 23:00:00,0.3409,0.3453,0.3403,0.344,13739750.0
2022-08-22 22:00:00,0.3386,0.3422,0.3384,0.3409,6147499.0
2022-08-22 21:00:00,0.3385,0.3409,0.3381,0.3385,4692874.0
2022-08-22 20:00:00,0.335,0.3393,0.335,0.3385,8298304.0
2022-08-22 19:00:00,0.3342,0.3353,0.3338,0.335,5578493.0
2022-08-22 18:00:00,0.3358,0.3358,0.3329,0.3342,7247295.0
2022-08-22 17:00:00,0.3367,0.3371,0.335,0.3357,6015190.0
2022-08-22 16:00:00,0.3373,0.3385,0.3357,0.3367,8342959.0
2022-08-22 15:00:00,0.334,0.3387,0.3338,0.3374,15103941.0
2022-08-22 14:00:00,0.3362,0.3368,0.3331,0.334,18580506.0
2022-08-22 13:00:00,0.3355,0.3379,0.3345,0.3363,11058821.0
2022-08-22 12:00:00,0.3357,0.3372,0.3349,0.3355,9566332.0
2022-08-22 11:00:00,0.3346,0.3361,0.3339,0.3356,9866257.0
2022-08-22 10:00:00,0.3341,0.3361,0.3328,0.3347,11593832.0
2022-08-22 09:00:00,0.3357,0.3366,0.3327,0.3342,12365781.0
2022-08-22 08:00:00,0.3355,0.336,0.3313,0.3358,26504205.0
2022-08-22 07:00:00,0.3391,0.3396,0.3354,0.3356,17674734.0
2022-08-22 06:00:00,0.3414,0.3415,0.3372,0.3392,13019799.0
2022-08-22 05:00:00,0.3404,0.3417,0.3396,0.3413,10648049.0
2022-08-22 04:00:00,0.337,0.3407,0.3362,0.3404,8380227.0
2022-08-22 03:00:00,0.3406,0.341,0.3364,0.337,10702453.0
2022-08-22 02:00:00,0.3404,0.3412,0.3398,0.3406,7713250.0
2022-08-22 01:00:00,0.3422,0.3426,0.3401,0.3404,9345631.0
2022-08-22 00:00:00,0.3448,0.3452,0.3415,0.3422,6938869.0
2022-08-21 23:00:00,0.345,0.3465,0.3444,0.3449,3551343.0
2022-08-21 22:00:00,0.347,0.3474,0.3423,0.3451,11444887.0
2022-08-21 21:00:00,0.345,0.3485,0.3449,0.3471,8876491.0
2022-08-21 20:00:00,0.3441,0.3478,0.3432,0.345,5874534.0
2022-08-21 19:00:00,0.3436,0.3449,0.3433,0.3439,3656889.0
2022-08-21 18:00:00,0.3432,0.3439,0.3427,0.3436,3785081.0
2022-08-21 17:00:00,0.3448,0.3454,0.343,0.3433,4485724.0
2022-08-21 16:00:00,0.3429,0.3464,0.3421,0.3448,8372313.0
2022-08-21 15:00:00,0.3433,0.3437,0.342,0.3429,4201153.0
2022-08-21 14:00:00,0.3431,0.3436,0.3421,0.3433,5415346.0
2022-08-21 13:00:00,0.3435,0.3441,0.3423,0.343,6852506.0
2022-08-21 12:00:00,0.3451,0.3456,0.3433,0.3434,8947500.0
2022-08-21 11:00:00,0.3446,0.3455,0.3439,0.345,6327403.0
2022-08-21 10:00:00,0.3448,0.3458,0.3438,0.3446,6984003.0
2022-08-21 09:00:00,0.3438,0.346,0.3428,0.3448,8240759.0
2022-08-21 08:00:00,0.3437,0.3475,0.3414,0.3439,19283336.0
2022-08-21 07:00:00,0.339,0.3442,0.338,0.3437,19979600.0
2022-08-21 06:00:00,0.3388,0.3392,0.3372,0.339,10455981.0
2022-08-21 05:00:00,0.337,0.3391,0.3364,0.3389,7564990.0
2022-08-21 04:00:00,0.3369,0.3391,0.3364,0.3371,5142896.0
2022-08-21 03:00:00,0.3386,0.3387,0.3359,0.3368,4043166.0
2022-08-21 02:00:00,0.3396,0.34,0.338,0.3386,4774287.0
2022-08-21 01:00:00,0.3355,0.3399,0.3355,0.3395,9629462.0
2022-08-21 00:00:00,0.3368,0.3389,0.3355,0.3355,7706047.0
2022-08-20 23:00:00,0.3376,0.3389,0.3354,0.3368,7840385.0
2022-08-20 22:00:00,0.3377,0.3393,0.336,0.3376,9037452.0
2022-08-20 21:00:00,0.333,0.3383,0.3325,0.3377,11666644.0
2022-08-20 20:00:00,0.3359,0.3393,0.3321,0.333,12063487.0
2022-08-20 19:00:00,0.3351,0.3368,0.3329,0.3358,11477023.0
2022-08-20 18:00:00,0.339,0.3406,0.3349,0.3351,16086237.0
2022-08-20 17:00:00,0.3404,0.3417,0.339,0.339,8486413.0
2022-08-20 16:00:00,0.3411,0.3423,0.34,0.3403,4051113.0
2022-08-20 15:00:00,0.3405,0.3415,0.3394,0.3412,5011087.0
2022-08-20 14:00:00,0.3412,0.342,0.3395,0.3405,6097979.0
2022-08-20 13:00:00,0.341,0.3416,0.34,0.3411,6607700.0
2022-08-20 12:00:00,0.3416,0.3422,0.34,0.3411,7895796.0
2022-08-20 11:00:00,0.3414,0.3428,0.341,0.3415,5854753.0
2022-08-20 10:00:00,0.3402,0.3416,0.3394,0.3414,5045731.0
2022-08-20 09:00:00,0.3399,0.3406,0.339,0.3403,4839391.0
2022-08-20 08:00:00,0.3417,0.3421,0.339,0.3399,8433149.0
2022-08-20 07:00:00,0.342,0.3426,0.3408,0.3417,8354548.0
2022-08-20 06:00:00,0.3398,0.3422,0.3394,0.3421,9804828.0
2022-08-20 05:00:00,0.3422,0.3423,0.3391,0.3398,7241852.0
2022-08-20 04:00:00,0.3401,0.3422,0.3385,0.3421,11041630.0
2022-08-20 03:00:00,0.3392,0.3407,0.338,0.34,9240675.0
2022-08-20 02:00:00,0.338,0.3409,0.3376,0.3393,5568984.0
2022-08-20 01:00:00,0.3372,0.3406,0.3371,0.338,8134451.0
2022-08-20 00:00:00,0.3345,0.341,0.3344,0.3372,16337011.0
2022-08-19 23:00:00,0.3357,0.3383,0.3314,0.3344,17291967.0
2022-08-19 22:00:00,0.3362,0.3401,0.3349,0.3357,16656261.0
2022-08-19 21:00:00,0.3415,0.3423,0.3334,0.3362,10997907.0
2022-08-19 20:00:00,0.3413,0.3424,0.3388,0.3415,6651583.0
2022-08-19 19:00:00,0.3387,0.342,0.3353,0.3413,9546457.0
2022-08-19 18:00:00,0.3387,0.3395,0.3374,0.3387,6118412.0
2022-08-19 17:00:00,0.3399,0.3413,0.3372,0.3387,6215888.0
2022-08-19 16:00:00,0.336,0.3405,0.3353,0.3399,12795853.0
2022-08-19 15:00:00,0.3359,0.3377,0.3344,0.336,12743033.0
2022-08-19 14:00:00,0.3367,0.3391,0.3353,0.3359,14515368.0
2022-08-19 13:00:00,0.3393,0.3396,0.3365,0.3368,14322594.0
2022-08-19 12:00:00,0.3386,0.3394,0.3348,0.3394,21539596.0
2022-08-19 11:00:00,0.34,0.3401,0.3336,0.3387,28579742.0
2022-08-19 10:00:00,0.3398,0.343,0.3394,0.34,17253772.0
2022-08-19 09:00:00,0.3382,0.3418,0.338,0.3397,17821135.0
2022-08-19 08:00:00,0.3452,0.3452,0.3377,0.3381,29759109.0
2022-08-19 07:00:00,0.3428,0.3481,0.3426,0.3452,25202143.0
2022-08-19 06:00:00,0.3615,0.3623,0.3309,0.3428,61797115.0
2022-08-19 05:00:00,0.3624,0.364,0.3593,0.3615,16637223.0
2022-08-19 04:00:00,0.3608,0.363,0.3586,0.3625,14363047.0
2022-08-19 03:00:00,0.3619,0.362,0.3596,0.3608,14848535.0
2022-08-19 02:00:00,0.362,0.3625,0.3596,0.3619,15710839.0
2022-08-19 01:00:00,0.3651,0.3655,0.3606,0.362,22383517.0
2022-08-19 00:00:00,0.3703,0.3707,0.364,0.3651,24079912.0
2022-08-18 23:00:00,0.3776,0.3783,0.3691,0.3704,27352956.0
2022-08-18 22:00:00,0.3781,0.3793,0.377,0.3776,5967662.0
2022-08-18 21:00:00,0.3792,0.3797,0.3777,0.378,5090337.0
2022-08-18 20:00:00,0.3777,0.3797,0.3769,0.3793,5598441.0
2022-08-18 19:00:00,0.3756,0.379,0.3751,0.3777,5087217.0
2022-08-18 18:00:00,0.3749,0.377,0.374,0.3756,6598242.0
2022-08-18 17:00:00,0.3756,0.378,0.3745,0.3749,9254583.0
2022-08-18 16:00:00,0.3765,0.3773,0.3731,0.3757,9442532.0
2022-08-18 15:00:00,0.3757,0.3775,0.375,0.3765,5159354.0
2022-08-18 14:00:00,0.3753,0.377,0.3747,0.3756,6967327.0
2022-08-18 13:00:00,0.3787,0.379,0.3747,0.3754,7151373.0
2022-08-18 12:00:00,0.3789,0.38,0.3766,0.3788,10835436.0
2022-08-18 11:00:00,0.3767,0.3789,0.3767,0.3789,8149017.0
2022-08-18 10:00:00,0.3751,0.3775,0.3749,0.3768,8102523.0
2022-08-18 09:00:00,0.3771,0.3778,0.3745,0.3751,9912131.0
2022-08-18 08:00:00,0.375,0.3772,0.3736,0.3771,8213404.0
2022-08-18 07:00:00,0.3728,0.3754,0.3725,0.3749,6532958.0
2022-08-18 06:00:00,0.3749,0.3764,0.3726,0.3728,9469858.0
2022-08-18 05:00:00,0.3733,0.3762,0.3727,0.3749,7781607.0
2022-08-18 04:00:00,0.374,0.3742,0.3721,0.3733,9678715.0
2022-08-18 03:00:00,0.3767,0.3768,0.3727,0.374,9240031.0
2022-08-18 02:00:00,0.3792,0.3793,0.3752,0.3767,5884556.0
2022-08-18 01:00:00,0.3802,0.3808,0.3773,0.3791,6681170.0
2022-08-18 00:00:00,0.3796,0.3815,0.3758,0.3801,12296999.0
2022-08-17 23:00:00,0.3769,0.3811,0.376,0.3795,9137175.0
2022-08-17 22:00:00,0.3769,0.3781,0.3748,0.3769,7565729.0
2022-08-17 21:00:00,0.3823,0.3825,0.3744,0.3769,13574415.0
2022-08-17 20:00:00,0.3777,0.3831,0.376,0.3822,17708612.0
2022-08-17 19:00:00,0.376,0.3781,0.3729,0.3776,9856013.0
2022-08-17 18:00:00,0.3755,0.3773,0.3732,0.376,11107452.0
2022-08-17 17:00:00,0.3746,0.3759,0.3736,0.3755,6869733.0
2022-08-17 16:00:00,0.3731,0.3754,0.3723,0.3746,10617001.0
2022-08-17 15:00:00,0.3704,0.3737,0.3701,0.3731,9554974.0
2022-08-17 14:00:00,0.3702,0.3722,0.3696,0.3705,12611991.0
2022-08-17 13:00:00,0.374,0.3743,0.368,0.3703,20218043.0
2022-08-17 12:00:00,0.3774,0.3778,0.3714,0.374,20115872.0
2022-08-17 11:00:00,0.3773,0.3781,0.3761,0.3774,5511927.0
2022-08-17 10:00:00,0.3782,0.3783,0.3754,0.3773,8956004.0
2022-08-17 09:00:00,0.3769,0.3789,0.3765,0.3782,8174918.0
2022-08-17 08:00:00,0.3774,0.3791,0.376,0.3769,13665478.0
2022-08-17 07:00:00,0.3858,0.386,0.377,0.3774,22133585.0
2022-08-17 06:00:00,0.3874,0.3899,0.3853,0.3858,14503505.0
2022-08-17 05:00:00,0.3868,0.3889,0.3859,0.3875,9654218.0
2022-08-17 04:00:00,0.3869,0.392,0.3867,0.3868,20464941.0
2022-08-17 03:00:00,0.3834,0.3875,0.3833,0.387,10304345.0
2022-08-17 02:00:00,0.3857,0.3875,0.3823,0.3834,22789834.0
2022-08-17 01:00:00,0.3859,0.3923,0.3845,0.3857,31522065.0
2022-08-17 00:00:00,0.377,0.3863,0.3768,0.3859,16907787.0
2022-08-16 23:00:00,0.3754,0.3784,0.375,0.377,6061397.0
2022-08-16 22:00:00,0.3763,0.3768,0.3738,0.3754,5309407.0
2022-08-16 21:00:00,0.3767,0.3772,0.3751,0.3762,4978217.0
2022-08-16 20:00:00,0.3749,0.3768,0.3746,0.3766,5330380.0
2022-08-16 19:00:00,0.3735,0.375,0.3728,0.3749,4389501.0
2022-08-16 18:00:00,0.3741,0.3764,0.3708,0.3735,9775064.0
2022-08-16 17:00:00,0.3733,0.3744,0.373,0.374,4043022.0
2022-08-16 16:00:00,0.3732,0.3744,0.3721,0.3733,8565782.0
2022-08-16 15:00:00,0.3726,0.3743,0.3719,0.3733,8020312.0
2022-08-16 14:00:00,0.374,0.3747,0.3712,0.3727,10532215.0
2022-08-16 13:00:00,0.3731,0.3749,0.3729,0.374,8750201.0
2022-08-16 12:00:00,0.3766,0.3777,0.3724,0.3731,9522713.0
2022-08-16 11:00:00,0.3755,0.3779,0.3752,0.3766,8226712.0
2022-08-16 10:00:00,0.377,0.3775,0.3751,0.3755,8978983.0
2022-08-16 09:00:00,0.3733,0.3771,0.3731,0.3769,11053545.0
2022-08-16 08:00:00,0.3729,0.3746,0.3721,0.3734,7916932.0
2022-08-16 07:00:00,0.371,0.373,0.3709,0.3729,7216295.0
2022-08-16 06:00:00,0.371,0.3725,0.3707,0.3711,7629000.0
2022-08-16 05:00:00,0.3711,0.3716,0.3687,0.371,12174861.0
2022-08-16 04:00:00,0.3718,0.3735,0.3702,0.3712,7753504.0
2022-08-16 03:00:00,0.3704,0.3729,0.3666,0.3717,14177449.0
2022-08-16 02:00:00,0.3732,0.3734,0.3698,0.3704,9203904.0
2022-08-16 01:00:00,0.3752,0.3773,0.373,0.3732,8115761.0
2022-08-16 00:00:00,0.375,0.3765,0.3729,0.3751,9179818.0
2022-08-15 23:00:00,0.3744,0.3763,0.3706,0.3751,9011939.0
2022-08-15 22:00:00,0.3736,0.377,0.3727,0.3744,8184516.0
2022-08-15 21:00:00,0.3739,0.3757,0.3729,0.3736,5469341.0
2022-08-15 20:00:00,0.3723,0.3748,0.3723,0.374,5670525.0
2022-08-15 19:00:00,0.3713,0.3738,0.3706,0.3723,5610630.0
2022-08-15 18:00:00,0.3715,0.3718,0.3702,0.3712,4312584.0
2022-08-15 17:00:00,0.374,0.3745,0.3709,0.3716,5373203.0
2022-08-15 16:00:00,0.3726,0.3741,0.3718,0.374,5123618.0
2022-08-15 15:00:00,0.3705,0.3727,0.3693,0.3725,5891744.0
2022-08-15 14:00:00,0.3718,0.3727,0.3699,0.3706,6833982.0
2022-08-15 13:00:00,0.3676,0.3723,0.3673,0.3719,10391430.0
2022-08-15 12:00:00,0.3682,0.3703,0.3662,0.3676,8936182.0
2022-08-15 11:00:00,0.371,0.3718,0.3673,0.3681,16553312.0
2022-08-15 10:00:00,0.3705,0.3714,0.3697,0.3711,9350393.0
2022-08-15 09:00:00,0.3682,0.3708,0.3681,0.3704,8814568.0
2022-08-15 08:00:00,0.3698,0.3704,0.3658,0.3682,18625373.0
2022-08-15 07:00:00,0.3725,0.3725,0.3686,0.3698,20130756.0
2022-08-15 06:00:00,0.3819,0.3821,0.3711,0.3725,23349710.0
2022-08-15 05:00:00,0.3819,0.3832,0.3809,0.3819,7525971.0
2022-08-15 04:00:00,0.3816,0.3826,0.3804,0.3819,7889775.0
2022-08-15 03:00:00,0.3826,0.3852,0.3807,0.3817,11519929.0
2022-08-15 02:00:00,0.3792,0.383,0.379,0.3827,7896691.0
2022-08-15 01:00:00,0.3789,0.3796,0.3768,0.3793,9223140.0
2022-08-15 00:00:00,0.3756,0.3791,0.3741,0.379,9663582.0
2022-08-14 23:00:00,0.3764,0.3781,0.375,0.3757,6234244.0
2022-08-14 22:00:00,0.3787,0.3787,0.3739,0.3764,8945406.0
2022-08-14 21:00:00,0.379,0.3805,0.378,0.3787,3316388.0
2022-08-14 20:00:00,0.3788,0.3802,0.3783,0.3789,4803936.0
2022-08-14 19:00:00,0.3786,0.3799,0.3785,0.3787,3539586.0
2022-08-14 18:00:00,0.3763,0.3789,0.375,0.3786,7911871.0
2022-08-14 17:00:00,0.3774,0.3779,0.3738,0.3764,15149796.0
2022-08-14 16:00:00,0.3828,0.3831,0.3771,0.3773,11659450.0
2022-08-14 15:00:00,0.3811,0.3828,0.3798,0.3827,6108149.0
2022-08-14 14:00:00,0.3813,0.3822,0.3806,0.3811,5111695.0
2022-08-14 13:00:00,0.3843,0.3844,0.3796,0.3812,10853345.0
2022-08-14 12:00:00,0.385,0.3862,0.3834,0.3844,6493096.0
2022-08-14 11:00:00,0.3871,0.3886,0.3849,0.385,8982403.0
2022-08-14 10:00:00,0.3906,0.3908,0.387,0.387,10021080.0
2022-08-14 09:00:00,0.3865,0.3922,0.3864,0.3906,12183975.0
2022-08-14 08:00:00,0.3866,0.388,0.3849,0.3866,8629920.0
