time,forecast,true,invest,bank,sum_diff
2022-08-22 16:00:00,0.33631815507075047,0.3367,False,100.0,0.007135207715831704
2022-08-22 17:00:00,0.32965542556546046,0.3357,False,100.0,0.00013136002824282178
2022-08-22 18:00:00,0.3397445271832231,0.3342,False,100.0,-0.00021994363611749224
2022-08-22 19:00:00,0.33066280394105946,0.335,False,100.0,0.005601960882617829
2022-08-22 20:00:00,0.33482776973084843,0.3385,False,100.0,0.010788117344656956
2022-08-22 21:00:00,0.3322102613876152,0.3385,False,100.0,0.004517235700834343
2022-08-22 22:00:00,0.34280589165146985,0.3409,False,100.0,-0.0034427710626689922
2022-08-22 23:00:00,0.3413159861069245,0.344,False,100.0,-0.000892020314408104
2022-08-23 00:00:00,0.34543192513084836,0.3424,False,100.0,-0.0025745620098434063
2022-08-23 01:00:00,0.34237274374090226,0.3411,False,100.0,-0.0007180328271434999
2022-08-23 02:00:00,0.3413539742718923,0.3397,False,100.0,0.0014759150918159936
2022-08-23 03:00:00,0.3381776375916399,0.3389,False,100.0,0.005485010557763237
2022-08-23 04:00:00,0.33320518320895437,0.339,False,100.0,-0.0018229983298501673
2022-08-23 05:00:00,0.34636356218405173,0.3336,False,100.0,-0.01128534327027142
2022-08-23 06:00:00,0.33090980971766504,0.3341,False,100.0,0.0030060016811740975
2022-08-23 07:00:00,0.3326787680792042,0.3377,False,100.0,0.008404301432954009
2022-08-23 08:00:00,0.3358061204835359,0.3397,False,100.0,0.0039047881594440614
2022-08-23 09:00:00,0.3383073168713322,0.3402,False,100.0,0.008400848614248335
2022-08-23 10:00:00,0.3340873430986947,0.3397,False,100.0,0.005844191982504632
2022-08-23 11:00:00,0.34049527302939997,0.3409,False,100.0,-0.0011324299276657679
2022-08-23 12:00:00,0.34005219387849933,0.3393,False,100.0,-0.001466397658559937
2022-08-23 13:00:00,0.3389214679102576,0.3439,False,100.0,0.007615455866909593
2022-08-23 14:00:00,0.34347547359683356,0.3408,False,100.0,-0.0021672792476787883
2022-08-23 15:00:00,0.3407602206663219,0.3426,False,100.0,-0.0006964916971797241
2022-08-23 16:00:00,0.34696134304320425,0.3418,False,100.0,-0.009647209565918857
2022-08-23 17:00:00,0.34463444272585253,0.3427,False,100.0,-0.00445500126228332
2022-08-23 18:00:00,0.34623416246401145,0.3455,False,100.0,0.0007905316117592931
2022-08-23 19:00:00,0.3435762183122498,0.345,False,100.0,0.001850797751805744
2022-08-23 20:00:00,0.34417013327263396,0.3455,False,100.0,0.001504302555640602
2022-08-23 21:00:00,0.345067573957077,0.3454,False,100.0,-0.0015795811002834448
2022-08-23 22:00:00,0.34783008342221944,0.3461,False,100.0,-0.0027507855996528607
2022-08-23 23:00:00,0.3479595013238778,0.3472,False,100.0,0.004169944115341606
2022-08-24 00:00:00,0.34215307843344683,0.3439,False,100.0,-0.0003205217322354015
2022-08-24 01:00:00,0.3477765752226303,0.3396,False,100.0,-0.007859986879304115
2022-08-24 02:00:00,0.34075395504253825,0.3394,False,100.0,0.0007363964204264439
2022-08-24 03:00:00,0.3373487845317719,0.3396,False,100.0,0.0020116077899695606
2022-08-24 04:00:00,0.33471177906377914,0.3414,False,100.0,0.0048764625474297385
2022-08-24 05:00:00,0.34744636660849465,0.3428,False,100.0,-1.6671792135158903e-06
2022-08-24 06:00:00,0.3365751575685533,0.3444,False,100.0,0.01154972721054709
2022-08-24 07:00:00,0.3377924360626779,0.3406,False,100.0,0.0062249314978421455
2022-08-24 08:00:00,0.3363203522332098,0.3428,False,100.0,0.00906518666330608
2022-08-24 09:00:00,0.33828698705457755,0.3423,False,100.0,0.006760254061247806
2022-08-24 10:00:00,0.34078503006295463,0.3413,False,100.0,-0.006749555240941119
2022-08-24 11:00:00,0.34818406777793665,0.3437,False,100.0,-0.009334555697697422
2022-08-24 12:00:00,0.347688416654016,0.3444,False,100.0,-0.0033288112284453053
2022-08-24 13:00:00,0.3445582101104419,0.343,False,100.0,0.00029369442684923364
2022-08-24 14:00:00,0.34125769697806585,0.3431,False,100.0,-0.0010554461038603802
2022-08-24 15:00:00,0.34814482571170297,0.3456,False,100.0,-0.001333673776382438
2022-08-24 16:00:00,0.34597454849817194,0.3457,False,100.0,-0.0023749656592684243
2022-08-24 17:00:00,0.3469917503786706,0.3457,False,100.0,3.430214944721843e-05
2022-08-24 18:00:00,0.34457112390970956,0.3472,False,100.0,-0.0001793371983279668
2022-08-24 19:00:00,0.3504769575505635,0.3496,False,100.0,-0.00020442157227762436
2022-08-24 20:00:00,0.3487812023640191,0.3506,False,100.0,0.004936201198225687
2022-08-24 21:00:00,0.34973842851732406,0.3494,False,100.0,0.0005479945113245899
2022-08-24 22:00:00,0.3487954988091957,0.3457,False,100.0,-0.0025327062629639796
2022-08-24 23:00:00,0.3458337850319939,0.3456,False,100.0,-0.0031620484789057213
2022-08-25 00:00:00,0.3498779248628686,0.3496,False,100.0,0.00010069426889897093
2022-08-25 01:00:00,0.3484615146048304,0.3462,False,100.0,0.0024327143300801324
2022-08-25 02:00:00,0.3413148976847346,0.3452,False,100.0,0.0018406355255716211
2022-08-25 03:00:00,0.3458918625014841,0.3454,False,100.0,0.004447544458092922
2022-08-25 04:00:00,0.3414945811236162,0.347,False,100.0,0.008140720453541195
2022-08-25 05:00:00,0.3448006811280174,0.348,False,100.0,-0.00026649602565731456
2022-08-25 06:00:00,0.35004500009300643,0.3493,False,100.0,0.002538122325368708
2022-08-25 07:00:00,0.34280642296606617,0.347,False,100.0,0.005752355163820777
2022-08-25 08:00:00,0.34374501741337615,0.3486,False,100.0,0.00375678147226971
2022-08-25 09:00:00,0.3515297187379396,0.3461,False,100.0,-0.0076824664009157995
2022-08-25 10:00:00,0.3491874658997401,0.3471,False,100.0,-0.00565161634352368
2022-08-25 11:00:00,0.3514655931488909,0.3487,False,100.0,-0.0027048334972767374
2022-08-25 12:00:00,0.34888861854073927,0.3474,False,100.0,0.0015682484277186881
2022-08-25 13:00:00,0.3445430128328626,0.3484,False,100.0,0.005521720624806825
2022-08-25 14:00:00,0.34600819432317836,0.3478,False,100.0,-0.0036864102664784792
2022-08-25 15:00:00,0.3532302631677097,0.3454,False,100.0,-0.00849905836509146
2022-08-25 16:00:00,0.3471119821158908,0.3444,False,100.0,-0.0038761541919038467
2022-08-25 17:00:00,0.3446356476418892,0.3468,False,100.0,0.009208945092872123
2022-08-25 18:00:00,0.3413678632554399,0.3479,False,100.0,0.005863449988985525
2022-08-25 19:00:00,0.3491645780478522,0.3489,False,100.0,0.0019032300944393232
2022-08-25 20:00:00,0.34712043537300086,0.3511,False,100.0,0.0029687705007289122
2022-08-25 21:00:00,0.352991262942856,0.3498,False,100.0,-0.00196503748318938
2022-08-25 22:00:00,0.3483437628447338,0.3483,False,100.0,0.001446519455890638
2022-08-25 23:00:00,0.3470857877822299,0.3491,False,100.0,0.0008937526013164665
2022-08-26 00:00:00,0.35101904178031285,0.3463,False,100.0,-0.006703872334492655
2022-08-26 01:00:00,0.3498493396938149,0.3469,False,100.0,-0.0014828732310210313
2022-08-26 02:00:00,0.3450044654735981,0.3469,False,100.0,0.002695739085710136
2022-08-26 03:00:00,0.3448177664651393,0.3475,False,100.0,0.00018899355348517277
2022-08-26 04:00:00,0.35071190636101535,0.3486,False,100.0,-0.0013415452520685878
2022-08-26 05:00:00,0.3468552373163941,0.347,False,100.0,-0.0015931618747198062
2022-08-26 06:00:00,0.3498207448753054,0.3482,False,100.0,0.0034231491306456197
2022-08-26 07:00:00,0.3423614602852269,0.3493,False,100.0,0.009703401777895915
2022-08-26 08:00:00,0.34531652686492725,0.37,False,100.0,0.026286516584311526
2022-08-26 09:00:00,0.3692353745211416,0.3619,False,100.0,-0.013986996883161573
2022-08-26 10:00:00,0.3661185644065633,0.359,False,100.0,0.0024295756118687395
2022-08-26 11:00:00,0.3536317856917729,0.3534,False,100.0,0.014708032619054123
2022-08-26 12:00:00,0.3380009855538182,0.3573,False,100.0,0.008188919453274601
2022-08-26 13:00:00,0.36196159098830044,0.3566,False,100.0,-0.006427406528760504
2022-08-26 14:00:00,0.35839726025250096,0.3491,False,100.0,0.008176250208959457
2022-08-26 15:00:00,0.32994201588961153,0.3403,False,100.0,-0.014040859043679743
2022-08-26 16:00:00,0.3626405840349279,0.3352,False,100.0,-0.02403322307037309
2022-08-26 17:00:00,0.3313500589178552,0.3353,False,100.0,-0.02319562780718143
2022-08-26 18:00:00,0.3528710700896397,0.3361,False,100.0,-0.020653227504636773
2022-08-26 19:00:00,0.34380704420313496,0.3403,False,100.0,-0.002778140846889321
2022-08-26 20:00:00,0.3433874529037328,0.341,False,100.0,-0.007824750595211039
2022-08-26 21:00:00,0.34815192241101584,0.3424,False,100.0,-0.017200794898952432
2022-08-26 22:00:00,0.353954383313916,0.3399,False,100.0,-0.01835980180336333
2022-08-26 23:00:00,0.35135412314348086,0.3393,False,100.0,-0.008862907062227088
2022-08-27 00:00:00,0.3432522746627497,0.336,False,100.0,-0.007982859793303931
2022-08-27 01:00:00,0.33752289126243457,0.3354,False,100.0,0.02242123906580934
2022-08-27 02:00:00,0.30781748213802274,0.3344,False,100.0,0.020729363483455
2022-08-27 03:00:00,0.3452913818734995,0.3366,False,100.0,0.008201766085717876
2022-08-27 04:00:00,0.32692344998701434,0.3344,False,100.0,-0.0040624831369383
2022-08-27 05:00:00,0.33694071786822916,0.3328,False,100.0,-0.012192084585798957
2022-08-27 06:00:00,0.34046745073339246,0.3341,False,100.0,-0.009993252985189272
2022-08-27 07:00:00,0.33756505308649687,0.3363,False,100.0,-0.006127390049060988
2022-08-27 08:00:00,0.3397081373461973,0.3352,False,100.0,-0.008842091990517331
2022-08-27 09:00:00,0.34171259501980317,0.3345,False,100.0,-0.00977434274869643
2022-08-27 10:00:00,0.33614658822396437,0.3359,False,100.0,-0.0018989117506830744
2022-08-27 11:00:00,0.3408792462622972,0.3371,False,100.0,-0.008031821924909865
2022-08-27 12:00:00,0.3412925683137137,0.3359,False,100.0,-0.006428602163474739
2022-08-27 13:00:00,0.3392620947563568,0.3357,False,100.0,0.009192742456450909
2022-08-27 14:00:00,0.3240877365296527,0.3342,False,100.0,0.0008893960692963887
2022-08-27 15:00:00,0.3393101986351111,0.3341,False,100.0,-0.007048497578570012
2022-08-27 16:00:00,0.3413192412856814,0.3363,False,100.0,-0.003349837055523608
2022-08-27 17:00:00,0.33683892305164986,0.334,False,100.0,-0.0038853562882541492
2022-08-27 18:00:00,0.3326332718047631,0.3341,False,100.0,-0.0019080148179537737
2022-08-27 19:00:00,0.33825022217547424,0.335,False,100.0,-0.00483816115352198
2022-08-27 20:00:00,0.33774869830917437,0.3358,False,100.0,-0.003108303904952703
2022-08-27 21:00:00,0.33354637048160707,0.3339,False,100.0,-0.0029986568571475636
2022-08-27 22:00:00,0.33732756468751074,0.3345,False,100.0,-7.287799314159571e-05
2022-08-27 23:00:00,0.3345672377020799,0.3346,False,100.0,-0.00038955532316192754
2022-08-28 00:00:00,0.3351691197535486,0.3347,False,100.0,-0.00010588773538561247
2022-08-28 01:00:00,0.3345472923531424,0.3328,False,100.0,0.001985111591704336
2022-08-28 02:00:00,0.32764361584475626,0.3342,False,100.0,0.00425961655825402
2022-08-28 03:00:00,0.3383079579082011,0.3343,False,100.0,-0.0026752936218074064
2022-08-28 04:00:00,0.33480028902083214,0.3336,False,100.0,-0.001982389107217819
2022-08-28 05:00:00,0.3343379282032195,0.3343,False,100.0,0.000560083933539901
2022-08-28 06:00:00,0.330575821831482,0.3341,False,100.0,0.0051515595162349714
2022-08-28 07:00:00,0.33163691842483245,0.3344,False,100.0,-0.005143454717490337
2022-08-28 08:00:00,0.3407961858886106,0.3337,False,100.0,-0.005924803182437044
2022-08-28 09:00:00,0.33248143660900414,0.3336,False,100.0,0.0008621886344649665
2022-08-28 10:00:00,0.33452312181257643,0.3341,False,100.0,0.00038511700879889643
2022-08-28 11:00:00,0.33370135458692396,0.3353,False,100.0,-0.0034482799545357823
2022-08-28 12:00:00,0.34023158805094184,0.334,False,100.0,-0.004781043663872109
2022-08-28 13:00:00,0.33390571858806534,0.3341,False,100.0,-8.56688415556417e-05
2022-08-28 14:00:00,0.33447667009966714,0.3344,False,100.0,-0.0032397053416496346
2022-08-28 15:00:00,0.3365300980518192,0.3341,False,100.0,-0.0015248874091067788
2022-08-28 16:00:00,0.33602093150896073,0.3346,False,100.0,0.0033400014688700908
2022-08-28 17:00:00,0.330152948590819,0.3348,False,100.0,0.005198276313334194
2022-08-28 18:00:00,0.33672224867693423,0.3355,False,100.0,0.0004406003548891868
2022-08-28 19:00:00,0.3366727134461876,0.3345,False,100.0,3.0884335788239348e-06
2022-08-28 20:00:00,0.3314256716368842,0.3356,False,100.0,0.006040727896833742
2022-08-28 21:00:00,0.3346413639286532,0.3344,False,100.0,-0.00034633792319932466
2022-08-28 22:00:00,0.3349418997986161,0.3306,False,100.0,-0.003766357781811225
2022-08-28 23:00:00,0.3288215412711874,0.3224,False,100.0,-0.006441704863244857
2022-08-29 00:00:00,0.3243415422932907,0.322,False,100.0,0.0001836809112920612
2022-08-29 01:00:00,0.31760705193267025,0.3201,False,100.0,-0.0026351965246144138
2022-08-29 02:00:00,0.32626112511157795,0.3199,False,100.0,-0.012053362603402618
2022-08-29 03:00:00,0.32504203544536825,0.3233,False,100.0,-0.00813972478532754
2022-08-29 04:00:00,0.32693602025787505,0.3225,False,100.0,-0.001972163963566198
2022-08-29 05:00:00,0.3201609255559568,0.3216,True,99.91,0.00960962858671166
2022-08-29 06:00:00,0.3131554530480566,0.3212,False,99.91,0.006666235059112902
2022-08-29 07:00:00,0.3221373483536786,0.3224,False,99.91,0.005453907540818925
2022-08-29 08:00:00,0.32011354320683727,0.3197,True,99.640243,0.008798088802401016
2022-08-29 09:00:00,0.30841398160686956,0.3202,True,99.6900631215,0.009747611632655695
2022-08-29 10:00:00,0.32007688463753836,0.3234,False,99.6900631215,-0.0005480650602396331
2022-08-29 11:00:00,0.32824423385382673,0.323,False,99.6900631215,-0.0031801973334697475
2022-08-29 12:00:00,0.3227699326791318,0.3245,False,99.6900631215,0.013486617043033056
2022-08-29 13:00:00,0.3148642633122209,0.3262,False,99.6900631215,0.009674668167573008
2022-08-29 14:00:00,0.32676125149768054,0.3271,False,99.6900631215,-0.010082020899373045
2022-08-29 15:00:00,0.3398591134665374,0.3282,False,99.6900631215,-0.012040941455024157
2022-08-29 16:00:00,0.3273026191859891,0.3283,False,99.6900631215,0.004143404291632957
2022-08-29 17:00:00,0.3239150298909021,0.3283,False,99.6900631215,0.0061835167209725594
2022-08-29 18:00:00,0.3271786532676861,0.3284,False,99.6900631215,0.006379143480018612
2022-08-29 19:00:00,0.32008311802945133,0.3294,False,99.6900631215,0.010019095682195278
2022-08-29 20:00:00,0.3285917532999164,0.333,False,99.6900631215,0.005368801915863419
2022-08-29 21:00:00,0.33298865003307737,0.3321,False,99.6900631215,0.0029724316298817555
2022-08-29 22:00:00,0.3297511406963295,0.3308,False,99.6900631215,-0.0007771257090368744
2022-08-29 23:00:00,0.3329515327901468,0.3337,False,99.6900631215,-0.0022711396911229143
2022-08-30 00:00:00,0.33483783169285647,0.3333,False,99.6900631215,0.0005871299854915968
2022-08-30 01:00:00,0.33036475695530426,0.3304,False,99.6900631215,0.00014275594172624695
2022-08-30 02:00:00,0.326740829835981,0.3302,False,99.6900631215,0.005489301410837422
2022-08-30 03:00:00,0.32753011955448597,0.3301,False,99.6900631215,-0.0003677736421310862
2022-08-30 04:00:00,0.3332502311007385,0.3332,False,99.6900631215,0.004515491229511004
2022-08-30 05:00:00,0.3291270759409398,0.3316,False,99.6900631215,0.0027964367796582956
2022-08-30 06:00:00,0.3314682249744629,0.3328,False,99.6900631215,-0.0026158270663107497
2022-08-30 07:00:00,0.3374859482945467,0.3322,False,99.6900631215,-0.007887713238218574
2022-08-30 08:00:00,0.33349447702408874,0.3303,False,99.6900631215,-0.007547753543570679
2022-08-30 09:00:00,0.3324100810859879,0.3324,False,99.6900631215,0.0052676346034292165
2022-08-30 10:00:00,0.3282621833929837,0.3307,False,99.6900631215,-3.3919297887596844e-05
2022-08-30 11:00:00,0.3306289375488907,0.3308,False,99.6900631215,0.005755006344739133
2022-08-30 12:00:00,0.32600803925433725,0.3295,False,99.6900631215,0.006290763057077597
2022-08-30 13:00:00,0.32433851700630534,0.3291,False,99.6900631215,-0.0022738927494557193
2022-08-30 14:00:00,0.3336596477022277,0.3241,False,99.6900631215,-0.010562872606976415
2022-08-30 15:00:00,0.32397516479238386,0.3239,False,99.6900631215,-0.00014147286302013118
2022-08-30 16:00:00,0.3248416800591484,0.3207,False,99.6900631215,-0.0072109356741617
2022-08-30 17:00:00,0.32357993585143197,0.3214,False,99.6900631215,-0.005818957536511737
2022-08-30 18:00:00,0.32481231247479697,0.323,False,99.6900631215,0.001175407330194611
2022-08-30 19:00:00,0.3218292471688352,0.3262,False,99.6900631215,0.0053647663285555924
2022-08-30 20:00:00,0.3249882283911011,0.3282,False,99.6900631215,0.006475253446844742
2022-08-30 21:00:00,0.32521551499153484,0.3276,False,99.6900631215,-0.0009535818080981251
2022-08-30 22:00:00,0.33126445081465683,0.3289,False,99.6900631215,-0.0013687960352554152
2022-08-30 23:00:00,0.32933856516104826,0.3267,False,99.6900631215,0.0008831752251077796
2022-08-31 00:00:00,0.32531021222254514,0.3293,False,99.6900631215,-0.0012218518709298243
2022-08-31 01:00:00,0.3359697967411533,0.3305,False,99.6900631215,0.000629339490024694
2022-08-31 02:00:00,0.3246341675329645,0.3318,False,99.6900631215,0.010879428311994621
2022-08-31 03:00:00,0.33066709747832246,0.3322,False,99.6900631215,0.0052326547096717135
2022-08-31 04:00:00,0.32897652926322485,0.3325,False,99.6900631215,0.001193027922997969
2022-08-31 05:00:00,0.33365078016919314,0.3326,False,99.6900631215,-0.006133582587905195
2022-08-31 06:00:00,0.3360890109976417,0.331,False,99.6900631215,-0.009552997426301668
2022-08-31 07:00:00,0.3318829509363302,0.3307,False,99.6900631215,-0.0029875544275323462
2022-08-31 08:00:00,0.3331435329418446,0.3302,False,99.6900631215,-0.008511948763521016
2022-08-31 09:00:00,0.3351274984883489,0.3334,False,99.6900631215,0.0043961634544742445
2022-08-31 10:00:00,0.32902434492165017,0.3314,False,99.6900631215,0.0004937024631728737
2022-08-31 11:00:00,0.33648237545611637,0.3304,False,99.6900631215,-0.0031116741737167164
2022-08-31 12:00:00,0.32699491051502066,0.3312,False,99.6900631215,0.005026759088777644
2022-08-31 13:00:00,0.3306240740923076,0.3292,False,99.6900631215,-0.005543560885998167
2022-08-31 14:00:00,0.33074760302044076,0.3274,False,99.6900631215,4.728368104334191e-05
2022-08-31 15:00:00,0.32115777273193785,0.3267,False,99.6900631215,0.003260617222797302
2022-08-31 16:00:00,0.3303694160120766,0.3259,False,99.6900631215,-0.0003426297333611328
2022-08-31 17:00:00,0.32236800494955653,0.3252,False,99.6900631215,0.004701718634085306
2022-08-31 18:00:00,0.3249568599391599,0.3262,False,99.6900631215,-0.0008901140587797562
2022-08-31 19:00:00,0.3288112381434184,0.3295,False,99.6900631215,0.004580594456891407
2022-08-31 20:00:00,0.32651363683037155,0.3309,False,99.6900631215,0.003177862601054904
2022-08-31 21:00:00,0.3311961792398773,0.3311,False,99.6900631215,-0.00027715162231806145
2022-08-31 22:00:00,0.3279428888106378,0.3297,False,99.6900631215,0.002547552480330062
2022-08-31 23:00:00,0.32975563508249406,0.3277,False,99.6900631215,-0.0019065575038106908
2022-09-01 00:00:00,0.32802284371723067,0.3278,False,99.6900631215,-0.00039092732043705114
2022-09-01 01:00:00,0.33003810135483636,0.3265,False,99.6900631215,-0.0045507204277314695
2022-09-01 02:00:00,0.32598179761979607,0.3247,False,99.6900631215,0.0002460003748744888
2022-09-01 03:00:00,0.3247677989948239,0.3237,False,99.6900631215,-0.005978438217437598
2022-09-01 04:00:00,0.3286045627480265,0.3256,False,99.6900631215,-0.0006379621623958109
2022-09-01 05:00:00,0.32591582444761136,0.3267,False,99.6900631215,-0.0017097785080633088
2022-09-01 06:00:00,0.32826473147895746,0.3265,False,99.6900631215,0.00361196870188657
2022-09-01 07:00:00,0.32342337574768043,0.3259,False,99.6900631215,0.0036227990406372257
2022-09-01 08:00:00,0.32183139731365906,0.3264,False,99.6900631215,0.006590038792081088
2022-09-01 09:00:00,0.32141969418096983,0.3251,False,99.6900631215,0.0038275228385332705
2022-09-01 10:00:00,0.325164153991529,0.3251,False,99.6900631215,-0.0007884641502695633
2022-09-01 11:00:00,0.3247606434974043,0.3269,False,99.6900631215,0.000179378550625775
2022-09-01 12:00:00,0.3304713488123637,0.3255,False,99.6900631215,-0.0026043007176673183
2022-09-01 13:00:00,0.32102352879904866,0.3257,False,99.6900631215,0.004747174347875138
2022-09-01 14:00:00,0.32583155634565136,0.3226,False,99.6900631215,-0.0025926631179126747
2022-09-01 15:00:00,0.3194733497594849,0.3231,False,99.6900631215,0.005722921294357697
2022-09-01 16:00:00,0.31964378874880744,0.3236,False,99.6900631215,0.0007308391472423126
2022-09-01 17:00:00,0.32962799873658805,0.3247,False,99.6900631215,-0.006692050360945279
2022-09-01 18:00:00,0.32668780276743,0.3273,False,99.6900631215,-0.0006184093125649048
2022-09-01 19:00:00,0.33027747005360814,0.33,False,99.6900631215,0.0010267744915331556
2022-09-01 20:00:00,0.3298061457433714,0.3322,False,99.6900631215,0.0044607624523308465
2022-09-01 21:00:00,0.32783405660704984,0.3322,False,99.6900631215,0.0017585326657317824
2022-09-01 22:00:00,0.3338319818416228,0.3322,False,99.6900631215,0.0026316079965490458
2022-09-01 23:00:00,0.32719308677922254,0.3331,False,99.6900631215,0.005915256574144878
2022-09-02 00:00:00,0.33342514341025004,0.3316,False,99.6900631215,-0.004185831947053409
2022-09-02 01:00:00,0.33617629517748815,0.33,False,99.6900631215,-0.003850130447034028
2022-09-02 02:00:00,0.32974246859779244,0.3296,False,99.6900631215,0.003380321642530826
2022-09-02 03:00:00,0.3262015546229191,0.3311,False,99.6900631215,0.00837316887168671
2022-09-02 04:00:00,0.3283622823801583,0.3338,False,99.6900631215,0.004583388717172732
2022-09-02 05:00:00,0.33598561578076597,0.3336,False,99.6900631215,-0.005277239406931922
2022-09-02 06:00:00,0.33502555781967036,0.3342,False,99.6900631215,0.0004939438061172807
2022-09-02 07:00:00,0.33343267878203103,0.3316,False,99.6900631215,7.641087332888041e-05
2022-09-02 08:00:00,0.3268702505832457,0.3307,False,99.6900631215,0.005954250869986355
2022-09-02 09:00:00,0.3308169055156491,0.3315,False,99.6900631215,0.00031596232009523106
2022-09-02 10:00:00,0.3297595945965559,0.3297,False,99.6900631215,-0.0004011375841994069
2022-09-02 11:00:00,0.32838360067162303,0.3292,False,99.6900631215,0.0008436638790449424
2022-09-02 12:00:00,0.327047553449085,0.3312,False,99.6900631215,0.0020656701193082494
2022-09-02 13:00:00,0.3315226176600438,0.3298,False,99.6900631215,-0.0015879150804765652
2022-09-02 14:00:00,0.3285400927598042,0.3306,False,99.6900631215,0.002355561896875691
2022-09-02 15:00:00,0.32994869806149163,0.3305,False,99.6900631215,-0.0027065966427682886
2022-09-02 16:00:00,0.33639200270187986,0.327,False,99.6900631215,-0.010646961382709264
2022-09-02 17:00:00,0.3289625286257194,0.3268,False,99.6900631215,-0.005055810276000827
2022-09-02 18:00:00,0.32815342187883434,0.328,False,99.6900631215,-0.0037908833370936534
2022-09-02 19:00:00,0.3310703406837226,0.3272,False,99.6900631215,-0.0007377106064531125
2022-09-02 20:00:00,0.3263413440246528,0.3302,False,99.6900631215,0.004325870313625468
2022-09-02 21:00:00,0.33015375575020484,0.331,False,99.6900631215,-0.0006976479898263555
2022-09-02 22:00:00,0.33267639736323457,0.3308,False,99.6900631215,-0.00341738292993804
2022-09-02 23:00:00,0.3315521109324828,0.3314,False,99.6900631215,0.002557295842845031
2022-09-03 00:00:00,0.3282696579233093,0.3313,False,99.6900631215,0.005697662690288985
2022-09-03 01:00:00,0.3293927132091947,0.3288,False,99.6900631215,0.0013435176066096677
2022-09-03 02:00:00,0.3273157851965548,0.3287,False,99.6900631215,0.0015406071664368914
2022-09-03 03:00:00,0.32861183791180737,0.3283,False,99.6900631215,-0.0025022316187652827
2022-09-03 04:00:00,0.330397222709543,0.33,False,99.6900631215,-0.004901063950450701
2022-09-03 05:00:00,0.33463604860138246,0.3309,False,99.6900631215,-0.004757666340826083
2022-09-03 06:00:00,0.3315222609478277,0.3292,False,99.6900631215,0.00024396796915043817
2022-09-03 07:00:00,0.32567971913853194,0.3282,False,99.6900631215,0.004146825294235157
2022-09-03 08:00:00,0.32707718825033827,0.3282,False,99.6900631215,0.00445579266202506
2022-09-03 09:00:00,0.3248835501867856,0.3281,False,99.6900631215,0.003043658326248755
2022-09-03 10:00:00,0.3276465105525241,0.3285,False,99.6900631215,-0.00012600101944032494
2022-09-03 11:00:00,0.3297019087637185,0.329,False,99.6900631215,-0.0014666163017789668
2022-09-03 12:00:00,0.3302501702516303,0.3292,False,99.6900631215,1.2533425357619254e-05
2022-09-03 13:00:00,0.3280946129278181,0.3294,False,99.6900631215,0.0021930420696162356
2022-09-03 14:00:00,0.3291036373103439,0.3296,False,99.6900631215,0.0007556521112807024
2022-09-03 15:00:00,0.329342224306938,0.3293,False,99.6900631215,-0.0005089273856300203
2022-09-03 16:00:00,0.32955255410583517,0.3303,False,99.6900631215,0.0014059151363856048
2022-09-03 17:00:00,0.330442896179782,0.3305,False,99.6900631215,-0.0008361542325920346
2022-09-03 18:00:00,0.3316260411670042,0.3297,False,99.6900631215,-0.002583905751821769
2022-09-03 19:00:00,0.3297113384241869,0.3288,False,99.6900631215,-0.0005646866726919386
2022-09-03 20:00:00,0.3290104481943065,0.3293,False,99.6900631215,0.0033761260153338246
2022-09-03 21:00:00,0.32650880517406056,0.3291,False,99.6900631215,0.0035096350247017516
2022-09-03 22:00:00,0.32840729000042446,0.3291,False,99.6900631215,0.0012917634210069528
2022-09-03 23:00:00,0.3289298419420657,0.3297,False,99.6900631215,-0.0005582399569640795
2022-09-04 00:00:00,0.3315071375502117,0.33,False,99.6900631215,-0.0002278123639395946
2022-09-04 01:00:00,0.32979965634512015,0.3292,False,99.6900631215,0.00035746840152500736
2022-09-04 02:00:00,0.3285567727329738,0.3309,False,99.6900631215,0.001383744381627583
2022-09-04 03:00:00,0.33300695316606493,0.3303,False,99.6900631215,-0.000957026664639149
2022-09-04 04:00:00,0.3281192966657838,0.3323,False,99.6900631215,0.0025741691009195655
2022-09-04 05:00:00,0.3315660771152921,0.3313,False,99.6900631215,0.0015332139411419754
2022-09-04 06:00:00,0.33019997674858736,0.33,False,99.6900631215,0.002222456520459215
2022-09-04 07:00:00,0.3270410142344831,0.3288,False,99.6900631215,0.003326468108248992
2022-09-04 08:00:00,0.32791398453885945,0.329,False,99.6900631215,0.00011877627812223457
2022-09-04 09:00:00,0.3303880104397847,0.329,False,99.6900631215,-0.0008471497387665949
2022-09-04 10:00:00,0.3280297906005829,0.3304,False,99.6900631215,0.00539031977301313
2022-09-04 11:00:00,0.3265702161840215,0.3311,False,99.6900631215,0.0014958668874808234
2022-09-04 12:00:00,0.33316635250953863,0.3317,False,99.6900631215,-0.004147952086413442
2022-09-04 13:00:00,0.333919660671399,0.3297,False,99.6900631215,-0.00342256329983609
2022-09-04 14:00:00,0.3288247265018419,0.3297,False,99.6900631215,0.0015097338321015674
2022-09-04 15:00:00,0.3290080913606217,0.3299,False,99.6900631215,0.0030141160001498912
2022-09-04 16:00:00,0.32785032909144957,0.3314,False,99.6900631215,0.0007212382740514056
2022-09-04 17:00:00,0.3340074158093549,0.3315,False,99.6900631215,-0.0068204182322536555
2022-09-04 18:00:00,0.3363156798473425,0.3303,False,99.6900631215,-0.002284864776984308
2022-09-04 19:00:00,0.3283380990904321,0.3307,False,99.6900631215,0.002388651832037181
2022-09-04 20:00:00,0.33164343787459666,0.3318,False,99.6900631215,-0.00021220240676844693
2022-09-04 21:00:00,0.33133108549906454,0.3311,False,99.6900631215,0.003321486664294049
2022-09-04 22:00:00,0.32854749046518716,0.3303,False,99.6900631215,0.005764102636093726
2022-09-04 23:00:00,0.3244696674668569,0.3317,False,99.6900631215,0.0061341074974681775
2022-09-05 00:00:00,0.33060646884605394,0.3318,False,99.6900631215,-4.073437998686202e-06
2022-09-05 01:00:00,0.333620993580566,0.3306,False,99.6900631215,-0.006647447557463271
2022-09-05 02:00:00,0.3334352107835301,0.3314,False,99.6900631215,-0.0017951255857467374
2022-09-05 03:00:00,0.33098551276833443,0.3306,False,99.6900631215,0.0026050060596315427
2022-09-05 04:00:00,0.32850625243211656,0.3306,False,99.6900631215,0.0034534700484645797
2022-09-05 05:00:00,0.32973054300190185,0.327,False,99.6900631215,-0.0053854796511471625
2022-09-05 06:00:00,0.3307217135670363,0.3278,False,99.6900631215,-0.004834886143560646
2022-09-05 07:00:00,0.32917072799217817,0.3257,False,99.6900631215,-0.005048552007738516
2022-09-05 08:00:00,0.3274480967881606,0.326,False,99.6900631215,-0.0009953380300233294
2022-09-05 09:00:00,0.32611143018605115,0.3243,False,99.6900631215,-0.0023251869534794967
2022-09-05 10:00:00,0.3252237321686527,0.3229,False,99.6900631215,-0.004967582745863841
2022-09-05 11:00:00,0.3248031453016781,0.3246,False,99.6900631215,0.001959146277008439
2022-09-05 12:00:00,0.32278705435200034,0.3251,False,99.6900631215,0.001190539869383167
2022-09-05 13:00:00,0.3263817094944703,0.3254,False,99.6900631215,-0.0007259068490236276
2022-09-05 14:00:00,0.3252760227452291,0.3277,False,99.6900631215,0.0003959633972250298
2022-09-05 15:00:00,0.32975871396907747,0.3284,False,99.6900631215,-0.00015842731869702975
2022-09-05 16:00:00,0.32714407276358615,0.3291,False,99.6900631215,0.0023758927241989136
2022-09-05 17:00:00,0.3278635298366815,0.3296,False,99.6900631215,0.0028409819076596343
2022-09-05 18:00:00,0.32796494518097996,0.3295,False,99.6900631215,0.0011746182184116383
2022-09-05 19:00:00,0.329261105806661,0.3299,False,99.6900631215,0.002351031215739152
2022-09-05 20:00:00,0.3281781743599759,0.331,False,99.6900631215,0.0007987043247178471
2022-09-05 21:00:00,0.3327865649836496,0.3315,False,99.6900631215,-0.0027742048892677174
2022-09-05 22:00:00,0.33296800062778636,0.332,False,99.6900631215,0.0017674728920050176
2022-09-05 23:00:00,0.33003580765962937,0.3329,False,99.6900631215,0.002478389483232868
2022-09-06 00:00:00,0.3337868027213056,0.3412,False,99.6900631215,0.009694047536978334
2022-09-06 01:00:00,0.34220093287561093,0.3348,False,99.6900631215,-0.011141046246321229
2022-09-06 02:00:00,0.33963861576149706,0.3346,False,99.6900631215,0.0009281184610588911
2022-09-06 03:00:00,0.3251874631985323,0.3341,False,99.6900631215,0.013113261155646316
2022-09-06 04:00:00,0.32970148611632166,0.3331,False,99.6900631215,0.003995379464416304
2022-09-06 05:00:00,0.3332971218248077,0.3352,False,99.6900631215,0.0006621291630320436
2022-09-06 06:00:00,0.33589817341961486,0.335,False,99.6900631215,1.3183786982395862e-05
2022-09-06 07:00:00,0.33495005653255855,0.3337,False,99.6900631215,-0.0005927170786286795
2022-09-06 08:00:00,0.33363711440240296,0.3352,False,99.6900631215,-0.0010146203205504967
2022-09-06 09:00:00,0.33770524110572064,0.3348,False,99.6900631215,-0.0037418431803479257
2022-09-06 10:00:00,0.33528021797696433,0.3358,False,99.6900631215,-0.0007865170481513029
2022-09-06 11:00:00,0.33727738547032293,0.3361,False,99.6900631215,-0.00014309102583770494
2022-09-06 12:00:00,0.33555325921574797,0.3349,False,99.6900631215,-0.00453966848229681
2022-09-06 13:00:00,0.33899751800320976,0.3326,False,99.6900631215,-0.003093157992754725
2022-09-06 14:00:00,0.33126085356107393,0.3343,False,99.6900631215,0.0031928431522004197
2022-09-06 15:00:00,0.333022173449446,0.3343,False,99.6900631215,0.0039554540419029505
2022-09-06 16:00:00,0.33179312839266517,0.334,False,99.6900631215,0.007368376089543438
2022-09-06 17:00:00,0.3278747359126772,0.3252,False,99.6900631215,-0.0032336158634219125
2022-09-06 18:00:00,0.3195275014748562,0.3231,False,99.6900631215,0.008010938262121514
2022-09-06 19:00:00,0.3201194090551735,0.3235,False,99.6900631215,0.009125690004044285
2022-09-06 20:00:00,0.3190207985028095,0.3247,False,99.6900631215,0.0021861056968826564
2022-09-06 21:00:00,0.3280242062682568,0.3241,False,99.6900631215,0.0030364968943361603
2022-09-06 22:00:00,0.32005349896517243,0.323,False,99.6900631215,-0.0066501946869050865
2022-09-06 23:00:00,0.3362344640995888,0.3212,False,99.6900631215,-0.017277836504324795
2022-09-07 00:00:00,0.32898923455569673,0.3218,False,99.6900631215,-0.008856694649637065
2022-09-07 01:00:00,0.32538637224103933,0.3192,False,99.6900631215,-0.014247265304145218
2022-09-07 02:00:00,0.32604868147616883,0.3155,False,99.6900631215,-0.004258292559261745
2022-09-07 03:00:00,0.314550424754971,0.3183,False,99.6900631215,-0.0001260921303488094
2022-09-07 04:00:00,0.3243502714942989,0.3171,False,99.6900631215,-0.004459580429988397
2022-09-07 05:00:00,0.31800448687650096,0.3166,False,99.6900631215,-0.008999825227999747
2022-09-07 06:00:00,0.32467030954931025,0.3183,False,99.6900631215,-0.0036794422491974177
2022-09-07 07:00:00,0.3140291009772134,0.3203,False,99.6900631215,0.009038596578647584
2022-09-07 08:00:00,0.31388243050780174,0.3203,False,99.6900631215,0.0021011065751187497
2022-09-07 09:00:00,0.32596714237277774,0.3219,False,99.6900631215,-0.0005809727657365982
2022-09-07 10:00:00,0.3180237535277793,0.3223,False,99.6900631215,-0.00015773839341920448
2022-09-07 11:00:00,0.328049508208584,0.3231,False,99.6900631215,-0.011284982472956617
2022-09-07 12:00:00,0.3267273402027559,0.3242,False,99.6900631215,-0.006777601530069732
2022-09-07 13:00:00,0.3305824137761183,0.3233,False,99.6900631215,-0.00816175267167013
2022-09-07 14:00:00,0.32464606301429383,0.324,False,99.6900631215,-0.004054738388015622
2022-09-07 15:00:00,0.32457979607733567,0.3248,False,99.6900631215,-0.0023742297852440974
2022-09-07 16:00:00,0.3308079969420403,0.325,False,99.6900631215,0.000568390415841169
2022-09-07 17:00:00,0.32358694040181785,0.3281,False,99.6900631215,0.007681300300664273
2022-09-07 18:00:00,0.32136967138804784,0.3315,False,99.6900631215,0.0044028459780878215
2022-09-07 19:00:00,0.33907160927738844,0.3336,False,99.6900631215,-0.0027507830195029337
2022-09-07 20:00:00,0.3315266043338165,0.3354,False,99.6900631215,0.0070781518940516985
2022-09-07 21:00:00,0.33113529793755847,0.335,False,99.6900631215,-0.0022766109791026445
2022-09-07 22:00:00,0.3389136434599149,0.3378,False,99.6900631215,-0.004258708415766532
2022-09-07 23:00:00,0.33863430376824644,0.3369,False,99.6900631215,0.0006465045079280807
2022-09-08 00:00:00,0.3351323563715592,0.3345,False,99.6900631215,-0.001332473269432033
2022-09-08 01:00:00,0.33630785280697345,0.3328,False,99.6900631215,-0.0003965816650569609
2022-09-08 02:00:00,0.3305458628646695,0.3324,False,99.6900631215,0.0005315680819885649
2022-09-08 03:00:00,0.3325067442588108,0.3322,False,99.6900631215,-0.003129976763749376
2022-09-08 04:00:00,0.33375383937381586,0.3337,False,99.6900631215,0.00018584585401243414
2022-09-08 05:00:00,0.3325754674191977,0.3345,False,99.6900631215,0.002826659388668773
2022-09-08 06:00:00,0.3345586771819235,0.3317,False,99.6900631215,-0.002763327897652046
2022-09-08 07:00:00,0.3322603160215955,0.3313,False,99.6900631215,-1.1109984407453588e-06
2022-09-08 08:00:00,0.3313749786276442,0.3334,False,99.6900631215,0.0069785293149098315
2022-09-08 09:00:00,0.3264495792437841,0.3304,False,99.6900631215,0.0006140895107519806
2022-09-08 10:00:00,0.3319173238107806,0.3323,False,99.6900631215,-0.0006246094548825187
2022-09-08 11:00:00,0.33315051760622055,0.3325,False,99.6900631215,0.0025426263509525926
2022-09-08 12:00:00,0.3285533009946211,0.3308,False,99.6900631215,0.005948867479362241
2022-09-08 13:00:00,0.3288374118360414,0.3337,False,99.6900631215,0.01218004675047002
2022-09-08 14:00:00,0.32438188348706787,0.3351,False,99.6900631215,0.012163608661779401
2022-09-08 15:00:00,0.3340773251818528,0.3333,False,99.6900631215,0.0014929835299336003
2022-09-08 16:00:00,0.3303506428289359,0.3317,False,99.6900631215,-0.00022405133227393348
2022-09-08 17:00:00,0.33449263713119803,0.3336,False,99.6900631215,-9.193058279227673e-05
2022-09-08 18:00:00,0.3346152714243835,0.3366,False,99.6900631215,0.0011466114479494194
2022-09-08 19:00:00,0.33632248447451835,0.343,False,99.6900631215,0.00788151677434823
2022-09-08 20:00:00,0.341568067779803,0.3415,False,99.6900631215,0.0001413021260984193
2022-09-08 21:00:00,0.3397011582204363,0.341,False,99.6900631215,-0.002907215762719517
2022-09-08 22:00:00,0.34670482440464206,0.3419,False,99.6900631215,-0.006053471795461118
2022-09-08 23:00:00,0.34476458697459034,0.3396,False,99.6900631215,-0.008805667580972565
2022-09-09 00:00:00,0.344181592873341,0.3412,False,99.6900631215,-0.0017020328803690754
2022-09-09 01:00:00,0.3409354752017533,0.3403,False,99.6900631215,-0.0010207860756166753
2022-09-09 02:00:00,0.343189577400134,0.3426,False,99.6900631215,-0.00774412900064797
2022-09-09 03:00:00,0.348701234788537,0.3449,False,99.6900631215,-0.004021105397147007
2022-09-09 04:00:00,0.34622757186739755,0.3484,False,99.6900631215,0.0011377146334068944
2022-09-09 05:00:00,0.34736824105434255,0.3496,False,99.6900631215,0.00029859709573992754
2022-09-09 06:00:00,0.35099081710605046,0.3499,False,99.6900631215,-0.0003798105497408999
2022-09-09 07:00:00,0.349411888474203,0.3492,False,99.6900631215,-0.0012536829138750094
2022-09-09 08:00:00,0.3495665382812397,0.352,False,99.6900631215,0.0035300750654517765
2022-09-09 09:00:00,0.35122631402139515,0.3523,False,99.6900631215,-0.0006251121334223675
2022-09-09 10:00:00,0.353588300731781,0.3545,False,99.6900631215,0.001977479910303448
2022-09-09 11:00:00,0.3537136272475941,0.3508,False,99.6900631215,0.0018375903889294998
2022-09-09 12:00:00,0.3451412305030414,0.3521,False,99.6900631215,0.005006485619640899
2022-09-09 13:00:00,0.3546980430941004,0.3492,False,99.6900631215,-0.013067833216311997
2022-09-09 14:00:00,0.35683372915157074,0.3487,False,99.6900631215,-0.008522564644627806
2022-09-09 15:00:00,0.3496863400204121,0.3472,False,99.6900631215,-0.0023476764066259204
2022-09-09 16:00:00,0.34764520490791606,0.3463,False,99.6900631215,-0.0012481299835130355
2022-09-09 17:00:00,0.34428938940522713,0.3448,False,99.6900631215,-0.00245638083303118
2022-09-09 18:00:00,0.3466406120561673,0.3473,False,99.6900631215,0.0031974785293805708
2022-09-09 19:00:00,0.3460950232217803,0.3525,False,99.6900631215,0.005194799797936744
2022-09-09 20:00:00,0.35444151022049397,0.3518,False,99.6900631215,-0.0004664424728632599
2022-09-09 21:00:00,0.349939336661329,0.3506,False,99.6900631215,0.002513044547159282
2022-09-09 22:00:00,0.35047937925317835,0.3536,False,99.6900631215,0.0010034313376681148
2022-09-09 23:00:00,0.35664811447229927,0.3568,False,99.6900631215,0.0019980139840315436
2022-09-10 00:00:00,0.3536571771302739,0.3576,False,99.6900631215,0.007788590343480006
2022-09-10 01:00:00,0.35158843683615143,0.3549,False,99.6900631215,0.00021688223489296776
2022-09-10 02:00:00,0.3580845786386298,0.3577,False,99.6900631215,-0.006201503483627191
2022-09-10 03:00:00,0.365107686666366,0.3548,False,99.6900631215,-0.010461947866961308
2022-09-10 04:00:00,0.35458628260534014,0.3545,False,99.6900631215,-0.00011972019161804459
2022-09-10 05:00:00,0.35526077927476896,0.3569,False,99.6900631215,0.0006190748863595941
2022-09-10 06:00:00,0.3595183292597222,0.3607,False,99.6900631215,-0.0017987017138748618
2022-09-10 07:00:00,0.3646311335272864,0.353,False,99.6900631215,-0.017469390785813554
2022-09-10 08:00:00,0.3557906734440898,0.3544,False,99.6900631215,-0.001997436376537043
2022-09-10 09:00:00,0.3551264849556159,0.3548,False,99.6900631215,-0.004005236157683889
2022-09-10 10:00:00,0.3573455884200136,0.3545,False,99.6900631215,-0.0007817595716285153
2022-09-10 11:00:00,0.3511570369761805,0.3546,False,99.6900631215,0.004078453127343118
2022-09-10 12:00:00,0.3558981667761785,0.3561,False,99.6900631215,-0.0010909955432165663
2022-09-10 13:00:00,0.35648088943218836,0.3539,False,99.6900631215,-0.0011287679243422444
2022-09-10 14:00:00,0.3539866239920353,0.3548,False,99.6900631215,-0.0008328482798130032
2022-09-10 15:00:00,0.35632634605217894,0.3558,False,99.6900631215,-0.0039515841111717465
2022-09-10 16:00:00,0.3599781139643774,0.3548,False,99.6900631215,-0.004797801475934782
2022-09-10 17:00:00,0.3547612982235179,0.3545,False,99.6900631215,0.00470881803242873
2022-09-10 18:00:00,0.35044068038253945,0.356,False,99.6900631215,0.0006594394365254108
2022-09-10 19:00:00,0.36042801689397214,0.3571,False,99.6900631215,-0.0044503582344746495
2022-09-10 20:00:00,0.3583313325553072,0.3552,False,99.6900631215,-0.003281637651586955
2022-09-10 21:00:00,0.3557281656295084,0.3577,False,99.6900631215,-0.003943709498051895
2022-09-10 22:00:00,0.36276057179228277,0.3595,False,99.6900631215,0.0012243426578419925
2022-09-10 23:00:00,0.3543916640067068,0.3573,False,99.6900631215,0.0012440226434274892
2022-09-11 00:00:00,0.3589781598009385,0.3582,False,99.6900631215,-0.0066482488832905196
2022-09-11 01:00:00,0.3625563109622994,0.3567,False,99.6900631215,-0.006588773550951332
2022-09-11 02:00:00,0.3569860887179013,0.3554,False,99.6900631215,-0.0025075021421537835
2022-09-11 03:00:00,0.3553781894123798,0.3561,False,99.6900631215,-0.0031522368361788233
2022-09-11 04:00:00,0.3588720499502794,0.3552,False,99.6900631215,-0.0038324638743201245
2022-09-11 05:00:00,0.35294339276192627,0.3551,False,99.6900631215,-0.0007597050226297863
2022-09-11 06:00:00,0.35852999153639087,0.354,False,99.6900631215,-0.003846495468042499
2022-09-11 07:00:00,0.3516671160820019,0.356,False,99.6900631215,0.0054296744841287325
2022-09-11 08:00:00,0.3551296120090488,0.3559,False,99.6900631215,0.0012883613352733247
2022-09-11 09:00:00,0.3559364950794251,0.3546,False,99.6900631215,-0.0016792536689860804
2022-09-11 10:00:00,0.35432159325372004,0.3548,False,99.6900631215,-0.0015854021647613292
2022-09-11 11:00:00,0.35678232822034317,0.3548,False,99.6900631215,-0.004046710471067583
2022-09-11 12:00:00,0.3576860602223613,0.3552,False,99.6900631215,-0.0003856927212458894
2022-09-11 13:00:00,0.3541908858954955,0.3542,False,99.6900631215,-0.0023553367748094245
2022-09-11 14:00:00,0.3555304407475811,0.3556,False,99.6900631215,0.0009053773622657024
2022-09-11 15:00:00,0.3552937805837853,0.3553,False,99.6900631215,-0.002433132791723691
2022-09-11 16:00:00,0.3570155732703128,0.3559,False,99.6900631215,-0.00040188600485019377
2022-09-11 17:00:00,0.3548400591884526,0.3557,False,99.6900631215,-0.001705252722060957
2022-09-11 18:00:00,0.3574040006396069,0.3548,False,99.6900631215,-0.0006130355025253942
2022-09-11 19:00:00,0.3532817536599474,0.3553,False,99.6900631215,0.002481127075879219
2022-09-11 20:00:00,0.3545737540162926,0.3594,False,99.6900631215,0.0041176864967259474
2022-09-11 21:00:00,0.36024387356906484,0.3515,False,99.6900631215,-0.010850875641555513
2022-09-11 22:00:00,0.3539893720691515,0.3541,False,99.6900631215,0.002955343301413671
2022-09-11 23:00:00,0.3515953946587329,0.3552,False,99.6900631215,0.00939012547336876
2022-09-12 00:00:00,0.3505692089612062,0.3505,False,99.6900631215,-0.0024900848578147117
2022-09-12 01:00:00,0.35564822917767486,0.3562,False,99.6900631215,-0.0015392143676326575
2022-09-12 02:00:00,0.35682425787185645,0.3516,False,99.6900631215,-0.004480164875802883
2022-09-12 03:00:00,0.3488709074395572,0.3497,False,99.6900631215,-0.004179177944392376
2022-09-12 04:00:00,0.35377306636491906,0.3513,False,99.6900631215,0.005159734238247393
2022-09-12 05:00:00,0.3432350090948298,0.3529,False,99.6900631215,0.012156795752661487
2022-09-12 06:00:00,0.35152724087186776,0.3532,False,99.6900631215,-0.005900305991812571
2022-09-12 07:00:00,0.35960680067653295,0.3529,False,99.6900631215,-0.003049761047805577
2022-09-12 08:00:00,0.34665072837775524,0.3565,False,99.6900631215,0.006182841363877756
2022-09-12 09:00:00,0.35483205549558483,0.3551,False,99.6900631215,0.007705494936676882
2022-09-12 10:00:00,0.3499342893841838,0.3554,False,99.6900631215,0.006280934357817958
2022-09-12 11:00:00,0.35406986781618277,0.3547,False,99.6900631215,0.004547659952117367
2022-09-12 12:00:00,0.34862231628470164,0.3556,False,99.6900631215,0.0013131799740885852
2022-09-12 13:00:00,0.35992762936121914,0.3557,False,99.6900631215,-0.00239759746885293
2022-09-12 14:00:00,0.35516561343558434,0.3549,False,99.6900631215,-0.00120114210449207
2022-09-12 15:00:00,0.3560570721137901,0.3528,False,99.6900631215,-0.007173423480443142
2022-09-12 16:00:00,0.3555503062007113,0.352,False,99.6900631215,-0.0032806745039883345
2022-09-12 17:00:00,0.3528339087202612,0.3545,False,99.6900631215,-0.0008151015269027839
2022-09-12 18:00:00,0.35727538010006615,0.3556,False,99.6900631215,0.001213832783368507
2022-09-12 19:00:00,0.3552442917256747,0.3567,False,99.6900631215,0.002267441731978237
2022-09-12 20:00:00,0.35448487719716393,0.3578,False,99.6900631215,8.97418221068591e-05
2022-09-12 21:00:00,0.36262703337351654,0.357,False,99.6900631215,-0.006735110467284033
2022-09-12 22:00:00,0.36001139054917625,0.3566,False,99.6900631215,-0.003672519648712902
2022-09-12 23:00:00,0.3558579816681838,0.3598,False,99.6900631215,0.0035204082390914992
2022-09-13 00:00:00,0.3595721791505062,0.3557,False,99.6900631215,-0.0019550920045641185
2022-09-13 01:00:00,0.3536993351268109,0.3555,False,99.6900631215,-0.0014631752033727463
2022-09-13 02:00:00,0.35898895320687424,0.3544,False,99.6900631215,-0.005114361489246655
2022-09-13 03:00:00,0.35584560423258516,0.3531,False,99.6900631215,-0.0033028982010809838
2022-09-13 04:00:00,0.35382788917959673,0.3549,False,99.6900631215,0.0009504538845840349
2022-09-13 05:00:00,0.3552100045295208,0.3554,False,99.6900631215,0.0021254208989161527
2022-09-13 06:00:00,0.3547390315679632,0.3548,False,99.6900631215,0.0021246629990797627
2022-09-13 07:00:00,0.35159712952783506,0.357,False,99.6900631215,0.00539705933134943
2022-09-13 08:00:00,0.35677119854639666,0.3539,False,99.6900631215,-0.006749991903422514
2022-09-13 09:00:00,0.35758025512820474,0.3537,False,99.6900631215,-0.0058044855535597795
2022-09-13 10:00:00,0.3557017749521269,0.3547,False,99.6900631215,-9.021507345441382e-05
2022-09-13 11:00:00,0.3539343630118619,0.3568,False,99.6900631215,0.0038224903934437338
2022-09-13 12:00:00,0.35626374178606585,0.3431,False,99.6900631215,-0.01376945366369775
2022-09-13 13:00:00,0.34438127753546016,0.3412,False,99.6900631215,-0.00738597515273437
2022-09-13 14:00:00,0.34746124152692903,0.3395,False,99.6900631215,-0.00838254560396573
2022-09-13 15:00:00,0.3390446363746682,0.3393,False,99.6900631215,0.006266576730185103
2022-09-13 16:00:00,0.33399230473077024,0.3396,False,99.6900631215,-0.0014749597222595279
2022-09-13 17:00:00,0.345734623371384,0.3406,False,99.6900631215,-0.0013852004294073739
2022-09-13 18:00:00,0.3373562434949851,0.3348,True,99.1118607553953,0.003341082005622109
2022-09-13 19:00:00,0.3304700365900243,0.3372,True,99.34972922120825,0.008697303612323737
2022-09-13 20:00:00,0.33274156603024707,0.3374,False,99.34972922120825,0.004045854462374987
2022-09-13 21:00:00,0.33724592485564214,0.335,False,99.34972922120825,-0.005427316545094096
2022-09-13 22:00:00,0.339107909547758,0.3329,False,99.34972922120825,-0.006158768404774695
2022-09-13 23:00:00,0.337522859084965,0.3326,False,99.34972922120825,-0.006828157394192735
2022-09-14 00:00:00,0.3372004437424102,0.3342,False,99.34972922120825,-0.0018344201980809993
2022-09-14 01:00:00,0.33205822745950725,0.3334,True,99.27024943783128,0.0010623402832320994
2022-09-14 02:00:00,0.33379387978172537,0.3351,True,99.43900886187559,0.0018647666733910273
2022-09-14 03:00:00,0.33499461221436383,0.3356,False,99.43900886187559,-0.0045931610074086415
2022-09-14 04:00:00,0.34053894296922027,0.3368,False,99.43900886187559,-0.001314958800913757
2022-09-14 05:00:00,0.33468020509327934,0.3371,False,99.43900886187559,0.0036847519380215354
2022-09-14 06:00:00,0.3361889670909208,0.3357,False,99.43900886187559,0.00043387063238692347
2022-09-14 07:00:00,0.33506569637427996,0.3359,False,99.43900886187559,0.006423643890527464
2022-09-14 08:00:00,0.3294325702214327,0.3372,False,99.43900886187559,0.005244152905151955
2022-09-14 09:00:00,0.3395281409807091,0.3371,False,99.43900886187559,0.0007523189824664156
2022-09-14 10:00:00,0.3350788000415432,0.3362,False,99.43900886187559,-0.0014502050390630128
2022-09-14 11:00:00,0.3379213332815132,0.3352,False,99.43900886187559,-0.0022850682994014493
2022-09-14 12:00:00,0.33657403983911155,0.337,False,99.43900886187559,0.004952000844021698
2022-09-14 13:00:00,0.3313639046428662,0.3378,False,99.43900886187559,0.00818130776861925
2022-09-14 14:00:00,0.3339573835483788,0.3379,False,99.43900886187559,0.005251056291960543
2022-09-14 15:00:00,0.33611289416734885,0.3366,False,99.43900886187559,-0.0006144617196837121
2022-09-14 16:00:00,0.3386655657547217,0.3359,False,99.43900886187559,-0.0030986787124884785
2022-09-14 17:00:00,0.3369608246187119,0.3366,False,99.43900886187559,-0.002106590772919581
2022-09-14 18:00:00,0.3383910531706407,0.3364,False,99.43900886187559,0.00156248917489199
2022-09-14 19:00:00,0.3337232802461019,0.3405,False,99.43900886187559,0.0063161109392845804
2022-09-14 20:00:00,0.33680844251088266,0.3425,False,99.43900886187559,0.009982312263583482
2022-09-14 21:00:00,0.3369004774604332,0.3436,False,99.43900886187559,-0.0023770845978854926
2022-09-14 22:00:00,0.352998495347605,0.3422,False,99.43900886187559,-0.01182716675839024
2022-09-14 23:00:00,0.34487629086279803,0.3415,False,99.43900886187559,-0.004027161224031184
2022-09-15 00:00:00,0.3424585959014751,0.3405,False,99.43900886187559,-0.0011888698178046941
2022-09-15 01:00:00,0.3401891395295199,0.339,False,99.43900886187559,-0.005803501186558091
2022-09-15 02:00:00,0.34128924903163843,0.3364,False,99.43900886187559,-0.001299014466721815
2022-09-15 03:00:00,0.333497060502237,0.3357,False,99.43900886187559,-0.002462382372036387
2022-09-15 04:00:00,0.34039422323584045,0.3379,False,99.43900886187559,-0.007600417466131715
2022-09-15 05:00:00,0.3424615723731394,0.3374,False,99.43900886187559,-0.011537202510110811
2022-09-15 06:00:00,0.3417051977003995,0.3393,False,99.43900886187559,-0.004487177281159271
2022-09-15 07:00:00,0.3398208387093356,0.3409,False,99.43900886187559,0.0016287601395785778
2022-09-15 08:00:00,0.3395723975748078,0.3402,False,99.43900886187559,-0.0017012859288638715
2022-09-15 09:00:00,0.3426057954795095,0.3371,False,99.43900886187559,-0.00639847912144792
2022-09-15 10:00:00,0.3372231190419423,0.3359,False,99.43900886187559,-0.00040220779165522913
2022-09-15 11:00:00,0.3353516103040291,0.3352,False,99.43900886187559,0.0011586309686590912
2022-09-15 12:00:00,0.33370711622393423,0.3345,False,99.43900886187559,0.0006928874710536159
2022-09-15 13:00:00,0.33409244555086726,0.3329,False,99.43900886187559,0.003086596511335804
2022-09-15 14:00:00,0.3272335153982775,0.3264,False,99.43900886187559,8.430151753713311e-05
2022-09-15 15:00:00,0.3268926071370132,0.3257,False,99.43900886187559,-0.0008733756767143608
2022-09-15 16:00:00,0.3247061528193588,0.3258,False,99.43900886187559,-0.003278871689768814
2022-09-15 17:00:00,0.3320429501229025,0.3281,False,99.43900886187559,-0.009586196844907968
2022-09-15 18:00:00,0.3349900595147488,0.3275,False,99.43900886187559,-0.00714770939481546
2022-09-15 19:00:00,0.326178470196254,0.3297,True,99.65777468137172,0.0027523925516016456
2022-09-15 20:00:00,0.3331278845178043,0.3302,False,99.65777468137172,0.0004450502510883747
2022-09-15 21:00:00,0.32616178705519616,0.3279,False,99.65777468137172,0.00099091182697858
2022-09-15 22:00:00,0.32813540208417546,0.3264,False,99.65777468137172,0.010280178659059058
2022-09-15 23:00:00,0.3143083470679482,0.3261,False,99.65777468137172,0.013980496929833441
2022-09-16 00:00:00,0.322249930207235,0.3279,False,99.65777468137172,0.0012889833755171942
2022-09-16 01:00:00,0.3320725382604724,0.3245,False,99.65777468137172,-0.007757521800220435
2022-09-16 02:00:00,0.3251195557841595,0.3243,False,99.65777468137172,-0.0013998501213469128
2022-09-16 03:00:00,0.3260242825784268,0.3271,False,99.65777468137172,0.0025751460959017036
2022-09-16 04:00:00,0.3264292834816543,0.3284,False,99.65777468137172,0.000514621734881926
2022-09-16 05:00:00,0.3287820682869094,0.3249,False,99.65777468137172,-0.004540784761656702
2022-09-16 06:00:00,0.3232122216417576,0.324,False,99.65777468137172,-0.0006620327157201844
2022-09-16 07:00:00,0.32586162651546996,0.3263,False,99.65777468137172,0.0014674663339697691
2022-09-16 08:00:00,0.32471345765986603,0.3234,False,99.65777468137172,-0.004980894204349551
2022-09-16 09:00:00,0.32855131685629485,0.3272,False,99.65777468137172,-0.0057456029561011035
2022-09-16 10:00:00,0.33176482550488506,0.3284,False,99.65777468137172,-0.005570879899108094
2022-09-16 11:00:00,0.3311038624106723,0.3302,False,99.65777468137172,0.003319018749922409
2022-09-16 12:00:00,0.3269233146379143,0.3292,False,99.65777468137172,-0.0012961914487898962
2022-09-16 13:00:00,0.331485693503539,0.3276,False,99.65777468137172,-0.0009135864140224492
2022-09-16 14:00:00,0.3257921557610164,0.331,False,99.65777468137172,0.006559569689819911
2022-09-16 15:00:00,0.32710200895327085,0.3347,False,99.65777468137172,0.00629573211241391
